"y","a","b","c","d","e","f","g","h"
"1",3.78572481892712,103.058082289697,57.6724428382037,0.445931771071628,-47.1730392748723,61.9885951675562,31.7867390863527,17.3817971250487,1.84804254130668
"2",3.61051333665261,82.7256209747311,53.3198303987644,0.366148475790396,31.7399243520294,76.6934212474264,4.80003294084861,19.6961505005172,-1.23582745602457
"3",0.97665208544423,-6.64980470375538,54.4880854012391,0.611742307431996,19.1789293007147,5.15784041314083,29.5893664988447,15.0813151791305,-3.84222846995924
"4",4.31501700893508,78.1886786626748,34.9201148373941,0.255582119803876,-9.6225788165818,89.7248403927503,3.2061515791516,7.64706170077347,0.900542018954321
"5",3.14957898327135,-0.246507411380514,26.0732312362981,0.588147724280134,-50.0792102337927,20.5640513094935,18.3878239526066,2.12903487981157,1.91080578526773
"6",3.40704383439152,61.5766789096584,32.5031231344195,0.905273710843176,15.2724866222196,-3.77998538029636,8.38282795183647,7.11614300060184,0.458841498953357
"7",2.46012426118308,58.1582953415083,60.614127259923,0.206336622359231,11.6390622326069,55.4127252218553,-6.96598159836054,18.0199601495648,0.258703695270077
"8",3.93132820036639,73.0032566116322,47.5414331787614,0.204597421688959,-18.4063285414682,122.815874996748,-3.8685711256267,14.6934867373932,1.57713931354675
"9",2.16958607922932,43.9167009740331,60.7490815894697,0.926810816628858,39.1643408552745,9.75845029884625,10.66240055918,19.6650858802105,2.31959731635845
"10",2.75650539648663,17.350618003257,32.2719679293362,0.553525872062892,-19.2253356714298,5.17281804544403,7.34031859438177,8.81308218672678,-0.0552543530807447
"11",2.53125240873911,31.8822367807366,53.3439475099751,0.759480971377343,12.1747129278034,33.5899671781237,30.9196100016941,14.3159996119134,-4.79077304999815
"12",3.17529315619472,58.5806710376992,40.4065471567183,0.431168663082644,25.5667437469241,67.8097398711505,21.4456906089702,8.88816377918853,-2.56088998245249
"13",1.7584127187067,27.0759915679533,57.2234245363412,0.862073317868635,-12.429835122482,3.8907880639024,26.5985737789955,20.3280045525728,-5.98026351802225
"14",4.80988431337024,54.2249078139882,39.8306527218809,0.110566434683278,-35.594709343671,189.192253247167,3.66719253920281,8.16407484687008,-1.52160281519881
"15",2.53478754074461,4.95918481200177,28.4223004549163,0.63840740872547,-19.8788960561976,8.11316567650659,-1.63969547424691,5.48799518055415,3.27772242003942
"16",2.88126198468676,92.2466588142964,51.4082394364552,0.540856369538233,7.72528393615676,-26.3145205479864,7.20919502499612,13.043067454227,2.60872320310679
"17",3.68480602310091,61.0245889305867,18.0513124367072,0.5295021221973,3.25160585416723,27.4995728679384,0.345574706500268,3.5022026496573,1.93013368245704
"18",3.67394983337385,67.5902336374716,24.0877412583337,0.96186086256057,24.4226982782114,16.3860491191904,13.1644940065891,3.30371573359085,-2.79386612297639
"19",2.14883190566545,34.5459624385448,64.8165460536593,0.969822625163943,38.4219474875506,12.3907416371307,33.676549496603,22.4541853011514,-0.736541335544948
"20",3.58557350632214,56.1881321499686,21.3298547585591,0.877382316626608,15.5893815087466,32.3017169907184,6.82948670229693,4.55475536221306,-1.58550231490116
"21",2.95260902616961,11.133721934106,21.5719667884032,0.368101366097108,33.9756030884423,60.6470021169443,-2.89956933700411,0.159797077299627,-0.458159723208404
"22",3.55301629550951,71.2986817592493,28.5522412113658,0.427299604984,11.054909461414,34.6762717858221,-9.61024790471694,5.11375861850882,-4.12071293501419
"23",2.371314955806,42.6450043234167,38.9065728444606,0.531983837485313,17.9337679308201,-20.747432272002,30.3237269891918,10.4810951903552,-2.36576105837075
"24",3.54500589533938,72.0858021656557,42.0119842346116,0.286858027335256,-3.77076452264809,53.2254334170732,4.30943179487765,9.91771467441523,-1.3536782973399
"25",1.78218771726455,59.6038514969044,74.4211088115512,0.770229033194482,24.5245079225866,-15.7072121706662,23.9919657693877,28.7251017178387,0.388810506867292
"26",3.87442383562571,91.0864260237828,41.1411925226396,0.597827774239704,27.6778858798339,26.8781302248038,26.1404430750518,11.4508375601886,-1.71132115221558
"27",3.83696462527348,92.171200604131,46.2559994730933,0.176561430096626,32.6896837777088,133.263322534998,4.19081076982354,14.1008905868092,-1.1847575283132
"28",5.37586032273597,54.3478081057373,35.9673550107083,0.0104918957222253,-11.8171215936085,212.793609024974,-7.59850995685447,6.27313998279904,-3.62767895325195
"29",4.31377074398885,66.1137291563042,29.9930228429388,0.383335446938872,-26.0779800620155,88.5499951987322,2.9809958840039,5.21318959983771,2.71479254964803
"30",3.24160652478542,74.4861441527322,28.7968499055174,0.331994271371514,49.1932773101144,49.7393841726372,-7.90606905075686,4.10144117553123,3.0283498017581
"31",3.98064547931997,71.4773245725432,22.9629061038238,0.727770808385685,-28.853775785408,-4.13385374490582,-0.286229399423789,5.89571509205234,-5.57991638536365
"32",3.06111760194797,73.8632920338208,43.8010415309596,0.711676483508199,-48.6101732973274,-17.1521146104974,-4.49925831230306,13.6418579221684,1.2830390289604
"33",4.87888455511518,86.8164468000678,48.6140320632053,0.110760477604344,-22.1421746186609,157.022112524585,30.0803050535659,11.3993129928121,-0.424530124965304
"34",1.69145272366346,42.042752751226,68.7829572615297,0.524053696775809,-3.00525968734339,28.1113101506189,6.28423544757494,28.7524849372626,0.0381520410337009
"35",2.38110587262816,16.6059073187353,61.7203621352757,0.336323286872357,-36.2552727118988,49.5601925997561,12.9320654396654,24.8956541796296,-4.30828402467946
"36",2.91140631400635,60.8369933125186,24.338916755165,0.836906883399934,64.4822365045003,12.755082732656,19.0606737972043,5.03714114831627,-1.84499940257011
"37",2.89130585175535,0.196655673389429,51.8552716436507,0.174113981891423,-36.0107847216842,100.292832261216,8.60302022659396,16.8961343394728,-0.100546768498603
"38",2.34914263418312,23.8358139457978,22.6499409883679,0.645883405581117,39.9446638623661,-32.5365329581441,0.205016922976107,5.02469826166178,1.79573595458061
"39",2.3977933312718,21.7623588573479,37.4256999129873,0.371666299412027,12.1390512556087,11.645518424528,7.34486765712441,5.78953447382691,1.77513850583068
"40",1.86957601523698,-1.97272655506322,36.2160507029901,0.788252111058682,24.6473033473972,-6.01392993003856,38.9682195302433,6.19397728980023,-1.39017140168959
"41",3.3044397846429,34.8180713563933,32.4365708568813,0.837383840465918,-26.8167427645648,28.7270864039668,26.3864545737018,5.88890834476363,4.51536176757406
"42",1.99310174358537,34.929310625141,43.3645788028512,0.365651580039412,25.5650914297738,16.1352266491353,8.10975889591166,8.47731255863843,-2.62726024889325
"43",5.54541909138746,92.7517937880262,13.5210946981734,0.160535980481654,1.91052519184253,120.637755194756,-8.33811141615732,-0.232815436515005,-3.44769638563203
"44",1.34942161179676,66.8609987297161,67.3601906062045,0.635420464444906,79.2719045981789,-33.5864914654189,22.4012047209078,26.1107986135694,-0.266497494841953
"45",4.0595378388326,40.6207520070611,31.9385035927902,0.191237249178812,-12.7947484948127,101.066893692278,-3.01218796695869,8.59308583564844,-0.0321510281659612
"46",4.73379765116996,65.2606638774501,30.7492679789015,0.082340691704303,52.9793299060334,222.313059023843,0.512446317681149,9.41810343955263,3.5012569954015
"47",1.62730040426577,7.42262388451465,43.4107437844257,0.614329632371664,-27.0623280495363,-33.5590896547918,24.3593810026631,14.2495735288579,0.263867810819002
"48",3.70578914185558,78.4025673901792,24.4345050893562,0.796009815298021,-6.44622705815338,-40.1786815968452,6.09749052246707,5.02679357728571,0.875483174003397
"49",1.79613211290956,42.5885144889718,56.2134977937857,0.586026870412752,-21.1668197926071,30.8424167597695,-1.7622854674742,17.7083700043674,2.94703379864625
"50",3.13641914181434,74.7563010600475,43.1747335710397,0.656881040893495,-23.2988509431323,8.53121626501704,20.2398828153225,13.3576245086568,-0.25952311297164
"51",2.63041320154452,-12.4731072842119,29.3908104544153,0.878772863419726,2.66226883043806,47.2173474580762,12.0655720221962,3.77035548520583,3.30246373987575
"52",2.98977329432133,7.1737796595103,23.8057047453177,0.755978143541142,-40.2196127672886,-7.95119207223076,2.90045384263004,0.0576628355975122,2.80353702422558
"53",3.13672479294586,19.1081971331133,37.6224295635184,0.653588939690962,-24.0052967753568,60.4908078001005,19.4836780527555,10.5887506057052,1.68024235241763
"54",3.32672058685495,30.7526393779742,7.04243364915731,0.284081685822457,66.8224118419373,63.5046754732013,-4.04515942297243,1.38852072769963,3.38949389139625
"55",2.39038421055866,5.61123384965007,31.4034815915444,0.736607947153971,-49.4138496917368,3.01588673434577,-1.68245875449977,1.50416107351396,-0.592268994957033
"56",3.41474702873721,89.8117759635822,37.924182806196,0.483493034029379,40.3359692410845,24.7743754463743,7.87361296095047,5.10036008932474,-1.3578582436896
"57",3.95956202395716,96.5412027556452,40.0911095684564,0.797719029709697,-14.6366223776435,9.98176354013883,29.9196714296825,8.16109878073869,-2.47157026829531
"58",2.58388865971592,3.35362730674954,37.3470872423446,0.909864664310589,-42.7538650031321,-10.8155215891967,3.5397718970472,7.67691877662811,0.884650372174201
"59",2.31448050837627,67.6113476482921,39.6115193053531,0.763107711449265,24.9158846218194,-33.4428373362702,19.9495648297815,11.6534773505044,-2.89281523715772
"60",2.7355863278908,12.8733064300734,24.9497273263502,0.381368732079864,25.0419734662148,45.9335578065042,15.9193592396012,-0.259584348506314,0.688970091059256
"61",1.73087555170804,72.8654364215739,74.2811473692167,0.512230644933879,-30.0303750062629,36.6439344174682,14.1297263720732,32.3727077698611,-0.225422098163617
"62",3.54692508602261,34.2445080209264,31.1451318611767,0.284811079502106,-12.3699231575254,112.017660617532,9.03337352208868,2.60414778037461,-0.550984059376251
"63",4.27315927585864,93.2224120472338,31.6501259281555,0.372617897577584,-32.5845949614184,23.949837645471,14.288843967756,8.85537272569615,-4.35933849364462
"64",3.69469458046103,111.435547379792,43.9000897559038,0.694052804727107,-8.52157232046506,9.15440328076869,18.3261087972595,13.3554494863953,-1.44770932540192
"65",3.98827679919758,31.5098652865704,38.4134679787386,0.25418931315653,-0.0678551662065503,132.947903358853,2.33674803368271,8.78555317260645,0.711083199261011
"66",3.15172677815878,-9.23821034674435,20.0184310222617,0.947590871714056,-27.7901066182586,-22.1011052325489,15.1504004556329,3.40542639295406,4.71829483306727
"67",2.25797185872431,54.1715765812988,64.7515615677355,0.371991474879906,22.7661196321039,54.2735346202524,28.0809727185891,23.9940893381971,-0.424490305167868
"68",3.48383570253737,13.0394669214853,40.8823340247217,0.1355726106558,28.9392894445909,154.891346037358,20.7547445517716,10.6263852641933,1.21140618124957
"69",2.56833668482462,-14.1608741679537,44.6242246228085,0.127320124767721,7.43383577106535,140.064622187271,7.76956346512541,14.5785611161253,-1.37604515321209
"70",2.53035168683693,44.0914363724276,63.256519678495,0.544509846018627,6.52534653825899,61.7112972312358,32.0070669480749,19.2331912663061,0.813760952499641
"71",2.07129779290828,29.7317353329273,57.5964300971058,0.469181815395132,-40.833256147762,2.83954459497318,-2.12550910556882,15.3109787105171,-0.450347475731289
"72",3.05776595502996,22.7767639741881,28.7732080327385,0.466547689400613,-5.19573180042255,27.599657552847,9.72811437652713,5.52451539127895,2.20499375392405
"73",3.89833149321947,41.9019877671322,40.5943102617472,0.0833066103514284,-2.68443427146147,153.458180320199,4.87400881029153,9.3128771373619,-1.33469141880164
"74",2.37608868263994,50.9239272739198,46.1766230991414,0.862249065889046,36.996627163932,5.43211561847267,33.3019068889194,11.8296554872154,-0.821199706453657
"75",3.83986330918417,40.8105523301691,32.5167453944574,0.24086833675392,-19.350130676526,111.426616832612,22.2762374667516,0.73751834471637,0.661560338794589
"76",4.77442938646423,78.5657877410302,50.8752869753676,0.114701884798706,-61.7843714345918,151.213684527642,23.9861633778233,10.3290394161188,-3.37164484455782
"77",3.98731477237784,35.2045872922296,30.9389259136533,0.262204326922074,-28.2806390048849,104.670063968841,-2.52329780494379,0.289227472221386,-0.238786293853425
"78",2.77194984676598,20.0046924986865,49.9033634172395,0.424948089988902,-1.13489203863757,88.4644464110773,15.2599709467587,14.6128211362744,-2.90829355299051
"79",3.98276415007167,60.0784998726324,43.7273776669288,0.168350027874112,6.02116435993551,162.185710988527,1.67315288956709,13.7843864195613,2.81568866837113
"80",2.63136304312393,83.9007472044721,57.3837836624867,0.746301542501897,-3.8549006698985,-19.6427082272769,24.8212526095633,14.2609425541306,3.20739458604316
"81",4.48286597311917,2.16911734148122,19.8530576742012,0.0498372719157487,17.4341835279853,206.109571462441,-14.6625207882677,1.51528730498882,1.1558816411243
"82",3.18732395829874,82.5313706384335,42.1770784155804,0.661646109307185,38.3917983021885,13.5564063242141,23.0987649658748,10.1376122020098,-1.94637575223701
"83",4.31444846930202,71.7904945393894,40.1167871127354,0.0796699828933924,29.9294413855937,155.581813922255,14.7664018586101,10.6545613947449,-2.59960748438356
"84",2.58615345410173,87.851278328941,73.8997899811733,0.826942620333284,7.90966130259564,54.3855942327438,30.8512348278013,29.9277820231707,2.28861624051287
"85",2.77461383751787,39.3223267679913,33.9002809124402,0.568834044504911,8.62341766548639,22.3657224617272,18.466161742807,4.04416370773026,-2.83683443074218
"86",2.52009026729062,27.2111102437048,42.859237435568,0.462739419890568,-13.8286641575632,19.3285354796484,15.3704815118075,10.9438017732103,1.70714773404391
"87",4.33253506670375,72.9426289839201,11.0817986136848,0.77830756502226,21.844158636023,28.645940147334,1.72864415162058,0.443824918329876,1.13296159830181
"88",2.15443108999446,35.424433573265,68.7298522634698,0.525978307938203,15.8346918190818,58.5610501852116,23.7429948490907,24.7559128335819,-1.81420834018364
"89",2.00894500583006,44.7034987933077,46.6091929742082,0.615824677981436,18.7723301580885,-28.7073501436173,4.61795466908698,10.1195730058366,-0.172467881041381
"90",1.78424535592901,40.9111242656387,64.5406177931706,0.537085673073307,-37.3746808244492,11.9960831714053,15.0379470163019,21.2998982069059,0.214497867351943
"91",1.98441036226759,2.05249663041323,44.6686016939937,0.785211233654991,-0.743445582774243,-5.86510364355049,25.0501174855369,12.5238838212761,1.51783373360096
"92",3.06690875979519,22.5308077414318,36.1221131442836,0.988493172451854,-15.3703092888392,17.211172683597,13.0348093443884,7.97339298367492,1.89162689777544
"93",2.70136941514297,62.9343666635946,57.8794909375546,0.924956632545218,24.5932594127487,8.27501934744816,28.8484563924045,19.8622712544502,2.44159432636464
"94",2.73841934607865,40.5337048601442,38.9703440974073,0.557632907759398,-1.58967391676818,46.5544216470436,-0.602140793693534,6.76571323123088,0.947916122258479
"95",3.57507255108149,0.216810631671693,26.7724137570952,0.0370686009991914,6.21502731244292,138.185893823883,-13.1865956560237,5.19716378514528,1.68240764244484
"96",3.46324248626386,78.9304938080241,45.4154292792997,0.393154643010348,-1.84905768512507,41.9701086926707,3.27209956845322,5.41777412589672,-1.94441978690355
"97",3.86989617078807,21.2566878291209,9.33255721767035,0.8530734826345,-5.57101478383831,14.8645956370748,4.11406574307374,0.330792530495793,3.76595175628458
"98",5.06145286049753,89.1184949666946,23.0399453647404,0.102367964573205,5.28065254350006,142.016811266637,20.9861682386157,3.25625536833265,-2.31425297008831
"99",4.01818057745305,106.728179149215,51.1016494083962,0.971575838048011,-15.679224556039,46.9501437087071,18.7824262489043,16.9901963230385,1.63625174716222
"100",3.26746552451876,4.90326081259078,23.090441906608,0.641855015652254,-32.0244070614667,26.5557383440466,13.9139265890434,2.15051578664372,4.10564744245443
"101",5.63069442740467,74.8815647664804,27.1375528444066,0.124540292657912,-26.8078762429546,165.571053198212,7.13662746878184,3.89272886388461,1.8116341186324
"102",4.58811413720417,93.1141530033406,44.5464436088237,0.0646337990183383,17.9222364757688,166.955631718765,9.82356692050892,10.1364957242034,0.669547439516051
"103",4.68455089387815,85.801347371516,41.8196268751388,0.0433497556950897,26.3659323692171,184.790289396381,-0.22431530942288,6.94629995499935,0.934619324542614
"104",3.5752584909163,81.7855863536142,35.7791906198126,0.594564496772364,29.655832251684,17.4639479817054,32.2761678207357,4.65862371608586,-1.61042107572487
"105",3.74417770915558,49.284094122179,47.160433552729,0.247676806990057,-48.35990656042,120.597904060957,-1.50657116710684,13.3207631881593,0.186500749179242
"106",4.96349608448481,79.0976340424746,20.4380208379517,0.159305339213461,26.3259231892982,173.144243906172,5.36353742072682,1.7050395659144,0.502072721397137
"107",2.11535626980767,2.36180884456219,54.6107239016824,0.877713797381148,26.947141229118,81.9561570246343,36.2310930222007,16.7101864282373,-1.52076112169062
"108",2.05750089869919,55.0339855139857,59.1579603037896,0.827100106747821,-23.7677926673628,-34.8407576746678,19.0823131634531,17.5081777163646,2.37994419018781
"109",3.80471532202698,72.6743483775086,51.8116317526574,0.148528284393251,24.0456744577126,128.4239382714,8.55050274840869,12.7570623017384,3.26543353448836
"110",3.66493638121213,62.1807899843358,39.2493234207561,0.279211164684966,6.30555507885539,89.2208881785661,9.43638748606171,11.1384990929062,0.202262389033678
"111",3.54204754475699,69.1024782528993,53.0126304913393,0.147644924465567,-15.4165464665076,116.266642011758,0.563184469625348,17.849376905563,3.33476424175431
"112",3.54805562174565,65.5524655741717,30.2667864700663,0.543279748642817,16.0032429865575,32.2799675697062,6.57553540916994,5.010443257909,1.26729490210034
"113",2.71414281969566,-6.36409472242192,34.324447756419,0.692319304216653,-6.98280480541908,66.726436311277,5.65201260802579,8.12615102652116,-0.589932142342143
"114",3.94338908603607,33.2483496880413,41.0779443021532,0.134972397005185,-15.2849649441144,147.131556370559,5.86507858938901,9.0995583129095,1.33658994609002
"115",3.79969252626121,91.6677822825242,37.7062005573557,0.990719999885187,-33.5745112682639,3.45675746754384,20.9461360099799,12.85362604224,-1.08893346449196
"116",4.29234488895631,61.7665736206459,20.5244835446535,0.833786898758262,-3.68846023266708,22.0159943416029,0.888075399573442,1.63112420395684,0.994932854520549
"117",1.96694486824277,31.7559722039909,53.2358983343996,0.517929552122951,-39.023551991491,2.72913135824597,24.2689497109889,15.6394680015492,-0.382977950697337
"118",3.53523104320155,51.2296990667151,49.3637369436304,0.480992819182575,9.51245401053337,87.0479691797189,7.11512431716377,11.4557055064745,-0.342858038959095
"119",3.51326733972798,44.1651559132106,34.1308116451985,0.191908647073433,6.63791791631476,70.5371123434402,-2.27421480240744,6.79671769958058,0.847769309585216
"120",4.54943591988713,40.4236702361643,28.0502467134578,0.174270707881078,-38.977209264013,113.111082207586,3.66363126169483,2.88224119375043,-0.950352790563629
"121",2.72125696341254,1.0807508040952,22.4049790430679,0.804658490698785,-20.4723655923962,0.507159001472596,5.73076798811592,1.35106452727187,2.12751778106251
"122",2.43561303857693,51.1877138319081,54.4771137732451,0.542889225296676,9.46753797505882,24.0571996524316,25.7225107431815,14.0186257123094,2.38257036044519
"123",3.066172423353,83.3837474593511,62.9886682042408,0.295678824884817,5.75522035890612,62.3968264588664,12.090956576776,22.3962108576733,-2.91319120998513
"124",3.82322846555556,33.9047602298521,33.6674891219365,0.880973934894428,-28.6732543884107,77.7857965032534,28.9102963083719,5.68709609969492,-2.34398179126947
"125",3.40086719446351,82.039706226928,47.176298208055,0.741446386324242,32.2117889179049,45.8419255092108,8.54849405065262,13.4287239081631,2.84150766993752
"126",2.61219750232904,21.0271079427181,40.516734411301,0.330256697023287,45.6019732712799,101.850340508918,-6.78199131980766,7.87804863720725,0.663131385874274
"127",3.02994922919347,39.0286494877986,42.1449520659929,0.90249333716929,23.6285198636692,43.2417549039915,13.6831531802983,11.9353779911945,-0.57256166916529
"128",5.18508437258509,72.8805896828972,46.3300727069672,0.0958003231789917,-34.3304410989279,223.139633065606,-13.9652784081621,11.4875466932086,-3.26889015071007
"129",0.960537755232113,2.46515928376361,44.8872164150171,0.604651942849159,43.8800573760353,-60.1706480154983,26.3837209767666,14.0390212271093,1.01705273772719
"130",1.89805641079916,-3.64071201125201,56.350276129114,0.18159486958757,-0.722955523713243,105.174644178989,8.91792419762164,23.2327717882664,-1.56664344560246
"131",3.36593008298903,58.6480413136989,34.7637377779688,0.365886982763186,24.5661651474822,67.1532246077851,2.40674203216292,6.2985313630031,1.80301404401526
"132",3.55429105943816,13.5298713374494,12.6207368619955,0.440588563680649,-1.41652529452164,30.6746169513369,3.02231012773802,-0.204720414276148,2.29416080669415
"133",3.07005828589821,36.4566285483808,18.3780548965055,0.836878438247368,28.455082884479,-6.39021427114077,-0.994708833130552,4.79465537216175,-2.56257565237454
"134",3.04157139069842,64.5749732413214,39.1421457130837,0.848896724870428,20.17930753864,-14.895136419952,22.1529875336411,8.212446788266,-2.10032145118066
"135",4.44077408061332,102.343231642637,44.4777368896038,0.0956186847761273,23.8111243524963,123.792733063083,-28.5907148416078,13.2719855315356,-1.72694915690963
"136",3.86484162444583,95.0390956050592,41.2579502037525,0.904367612442002,-27.4673303164814,24.0067286850761,10.6046589267247,10.9550930361097,-2.34786160725966
"137",3.60191985259302,67.3062771956569,37.9229985572702,0.378434031270444,6.1353880927564,82.2865987149218,8.17596217201893,7.76745543379455,-0.350549798350034
"138",4.70803415036508,60.7321662634905,35.7863308994732,0.0751203764230013,-5.95541599768141,144.577737614229,6.01490488404182,4.40998697949915,-0.300381378279982
"139",3.00620830442565,60.5433882736601,47.9017536671011,0.620750897098333,-54.2267336922046,23.3926926638841,15.0885861416124,13.8837586920619,1.74723264057551
"140",3.30299430333603,46.5249761570049,40.8587713343144,0.263778793858364,-27.0039117318573,52.8489930076277,13.803242647313,7.70258298948634,0.0970323104219891
"141",4.00660012621278,48.0710495275916,15.4123678614079,0.640534607693553,40.6543926706312,76.1312253398556,9.63934924275354,-1.03609581253616,-0.935708117482828
"142",2.10573844915835,2.31575274246606,30.3702190785622,0.853896442102268,59.4525192222283,-11.7390098383748,20.0944690310492,7.87633995276039,-1.03429222869755
"143",2.6741903310408,53.0439074703953,63.8404558126341,0.963446413632482,-10.283269991419,43.3549649240499,32.4536591105868,23.0162477362085,-0.777319996607249
"144",4.93408831976079,50.2864853708704,43.3740563758237,0.0195084796287119,-6.70496717991884,245.960272626381,-8.0056311492242,16.2678055325513,-0.945606918332853
"145",2.85780016138077,46.9904299257354,37.5856558601386,0.803920125588775,-13.4531614716114,-10.7217599382293,5.99326063027604,7.52430905426295,-1.28478746738326
"146",5.98265295886502,98.6903742259031,30.9303541129517,0.0170358023606241,-50.1012486533948,166.326116789586,-14.4674011219265,5.54108982375767,-0.444295180867019
"147",4.11445355083651,84.7992336731537,50.9944325973553,0.0632702365983278,25.0262407090657,149.517342368085,12.2864076434866,17.0601699484802,2.62051170016801
"148",2.88325365093457,33.5488210711781,39.4914150814682,0.786026256391779,-40.1636431333337,-8.95975279376431,4.41498914336036,5.94038702647016,1.28343920343828
"149",2.91766421510525,59.9312128747104,56.488145317431,0.349014249164611,-34.9534719072858,50.7173349367247,13.1418217512026,16.8585977930792,-0.84264197400916
"150",3.10336170181588,79.1724583622254,46.7491353306377,0.460020713275298,-19.6474121264645,27.0557046735289,11.6535657273206,8.56712916371096,3.86237351563132
"151",2.74846028261081,47.8463508286489,43.0700063244123,0.643833920126781,-19.8873500278616,37.7550443487998,9.70571412321237,10.701170034205,0.0366621900356868
"152",3.1690729405019,60.8327129558936,74.8280408128855,0.121879381127656,-10.2569662844899,164.744746862003,21.4666057236175,28.5367459129331,-2.6547233109971
"153",3.15394648857489,76.1163953798384,41.5437509542152,0.47630755812861,24.402251686529,32.1140349454964,13.3386946585173,11.3914555635091,-0.955498505777714
"154",3.96232522189416,52.4943442233022,18.1227562776794,0.657953140325844,-23.4563008419633,17.9998154240421,21.0214886758193,3.02749285387315,-2.45244611143788
"155",2.9548230815514,5.56144260790003,27.4112344047909,0.237447672989219,2.04188203299768,64.3423162701148,11.7822089366015,3.16252903387889,2.19757056483086
"156",3.56620928777857,50.0849149071,46.1245539358958,0.183420080458745,22.4059202457446,93.2757321245612,1.20214686160606,12.6746597361443,-2.64313817934127
"157",3.98254002810516,7.66364174085997,30.5125573126178,0.103315723128617,-24.9068644728345,167.937648922311,-2.09140773662597,4.27284673131812,3.91902199561407
"158",3.74997305763819,93.8270039831177,43.3322344981801,0.26625073235482,-2.9031583762121,45.2572867431087,10.3817606074156,7.08690193798633,-0.571551866347793
"159",2.65468070796056,62.0344816083635,47.7969697626889,0.602243701694533,-4.78771791984343,0.841297035443656,11.0800506041658,14.8181022279241,-0.682521559281073
"160",3.43167931909642,28.5034200030171,38.2853945853711,0.220785574056208,-32.0477400972079,63.2359226859391,4.60665822595362,8.03533303122182,2.37267591718107
"161",1.97720019797649,27.6044539206783,45.865351292623,0.734018006594852,2.81171992913252,15.8517713020904,14.1744237305776,11.6046134972172,1.43053099671777
"162",2.69131192441389,68.2725427452669,60.072513897735,0.362671392736956,2.75113033361898,58.9087446393847,9.8685528180499,20.5381178670825,1.2421547363505
"163",2.60271288304445,15.3184472156989,25.8425181943266,0.569103192305192,4.52001455008162,6.64736086466229,10.6991942916009,2.49761306544536,-0.890340051828588
"164",2.47108308142924,27.4952009301189,49.340739069114,0.653679237468168,24.7040709799821,34.631770051208,7.41796921637535,9.99444273549689,-3.54842000091446
"165",5.88491457302268,51.6297503119137,25.9662280620358,0.0378778369631618,-44.8411778299859,203.891426768551,-5.78562990955128,2.16930371918953,-0.322544019309248
"166",2.48147098138853,-1.32099100486753,28.9187887973674,0.850954633904621,-28.237646316461,-39.18721728109,14.4570397105899,5.22088269638981,0.37058306845301
"167",3.45281093293274,78.1424859740351,23.5516526133207,0.462413413450122,2.19748376598832,-3.36093108376236,9.46422133472442,7.56334219310338,2.06027457554537
"168",2.35576643763463,86.9340703709805,33.242626549661,0.800462926737964,76.857294520343,-64.7968869431535,21.8643379851064,6.00089965384968,-3.5522625328489
"169",3.46298035863734,83.2412715609854,37.4615592750661,0.896758905611932,-75.3395192915255,-54.0034232613118,8.62461249204357,10.0594491033526,-0.257478255416056
"170",3.71178316201609,88.1290171953516,32.5665110237142,0.542593436781317,11.6228029554531,-12.213364804895,9.03952782669141,3.52485584704699,-1.36780195784345
"171",3.2691166571495,84.0279432402396,46.5489756587139,0.430310555268079,-41.8906386490208,4.26679864422938,22.9800291072597,11.7696205501123,0.969421002593314
"172",2.20460691637695,-2.13861798985741,21.220684100688,0.424372909357771,25.0681114729333,26.8899229339803,13.4179559087829,0.246185329579958,3.29573265501385
"173",4.5467188413549,77.2580345300522,14.8261357799384,0.510740939294919,-28.3840967922159,14.7416431045105,-2.19643174928944,-0.956496957237461,0.532906156328249
"174",3.02264970189045,2.16846630211279,20.0020864678573,0.357892930274829,19.7633628503565,58.2667414386509,-6.85410954581271,4.37362309064106,0.631691973752264
"175",4.37360781246228,55.5743504669723,20.1538354498105,0.183818490477279,8.78002029312868,135.55451630451,0.572438973405617,3.2048024596821,-2.37752546744928
"176",4.09705856824668,79.8348897162144,34.428233400805,0.809866521507502,-6.6963941052801,35.2513276696227,3.97932553298214,5.6692521951486,-2.1756911139359
"177",2.229664749479,20.9715094672277,63.5094907004146,0.323477612808347,8.01128807399309,100.52410026438,5.77156463962502,24.1839857587543,0.758188353657038
"178",2.59920145900713,0.457587873706977,39.1614064649762,0.915395563933998,-10.0736371939811,23.449596902894,20.7291228624298,8.11989297154611,0.125501846050534
"179",1.78604305546548,2.51043713810512,49.8116321819194,0.793540828162804,-40.4287784547125,0.141114722393428,24.0773036993131,10.8989145412535,2.19893899694561
"180",2.63954581990393,86.7388775499592,65.6086956915729,0.31442499300465,-20.7456575845722,7.21939105686426,15.0444779175377,22.6469256176934,1.3720963550351
"181",2.0554057447486,64.7219221554204,69.7074494470299,0.289705124683678,-17.1389681475187,61.4115973284032,23.5022394277194,24.9659485034207,0.28601631049071
"182",4.55251770680993,13.4467169423453,23.3364131613381,0.393261736258864,-89.4134562326045,81.0689830956725,8.07762531487456,3.83195912629769,1.94573591607031
"183",2.36184989937326,61.6255987939867,55.5625916003297,0.595382185652852,21.8284893865542,0.41095050850444,11.4353169123482,18.4642527736729,2.92508729529222
"184",2.69038309734157,49.3145071131824,57.2217934623831,0.90967493574135,28.4241128880372,24.6481081383997,30.654257510108,14.4799793341097,-0.729595203805606
"185",3.13004018303533,68.5866784054997,36.8322898738934,0.323726149974391,37.7427396693488,32.3203406673337,13.9695031543511,6.61895154868195,2.24714926006327
"186",2.36792503482037,34.4660050018232,42.4600242407324,0.260805741650984,39.9806675399678,31.883571236371,2.92089782485099,10.2599262972154,1.55057892815927
"187",3.32418086285488,44.7634384980195,23.3365826580953,0.55957254068926,1.90733442652905,33.3776229059855,7.77621049299628,4.88516380327695,-2.86537853345995
"188",3.28302164315155,78.4070814427615,48.3079134694938,0.363009252818301,14.0920411712499,51.1829807150488,-7.04694850757907,13.1713152556324,2.53804205168786
"189",4.68551088863194,78.9895305134772,20.3701123881371,0.907341456972063,-23.3726506830515,26.5464491703225,7.42821960086934,0.911469991520832,-2.18265071051201
"190",3.16652961652405,64.7213820164598,50.160510613042,0.62727766064927,4.11376504235291,49.6845547938209,25.7146589894439,16.1173428205926,-0.0662554703547317
"191",3.42086907801896,51.5568063933462,27.9396415350591,0.771132838446647,9.1824715789491,4.92943094497885,-1.18456574513844,6.56240365938099,-1.53236699154495
"192",2.89711154348248,66.811927474482,30.0233603126593,0.781436066841707,47.4016038112594,-8.34992881147195,3.26573955710558,9.93482655955444,0.747932861197976
"193",1.2773680224754,-0.0766250739680192,51.5789825349278,0.855515433941036,20.9613785174622,-26.3013240117147,18.0481221013767,16.005198550194,0.78834643887289
"194",2.72317317549492,62.7518606282097,53.8195745490925,0.998312863754109,19.6636306098268,24.128318258132,39.1198185876151,17.2733095785131,-0.520629829722034
"195",2.56778354978466,14.626027866684,48.9538659506461,0.406959953717887,18.8081452578661,68.5798544961365,14.0019005988125,13.4453447695897,0.987450617403039
"196",4.55126119940283,96.053965284664,42.4505320897697,0.317532527027652,17.8272611033477,101.591189010102,4.81558880571009,12.615098200846,2.08076085900787
"197",4.60840823648966,85.4948173360063,22.8142832995086,0.600126719102263,-52.510438484474,29.375274141964,-0.275500305824423,3.59169664344695,0.17904181895361
"198",2.90691930300233,45.907851022941,50.5026226298686,0.264265030855313,12.7355552682288,77.8848408985385,17.443436689459,14.3083188668919,-0.969670080449811
"199",4.07666278741011,105.798089494083,46.8310178806828,0.348549084272236,26.7239663671568,68.228983657207,-9.50325115724399,9.36216130622953,3.32748820232015
"200",4.81777429147158,41.8863705927059,21.7062724982635,0.169278246117756,18.0195461587804,170.338254265563,-2.16932793795777,0.350604523729957,1.26057088624126
"201",2.12461454493515,53.3416881658334,52.5397305918914,0.419465032173321,17.8845887272358,18.3264770589464,25.5749657102347,15.3839042200128,0.880795841725838
"202",2.33283560502784,1.99305770629159,42.4930957427842,0.54940158710815,12.1661039593356,56.9995433645927,5.83752397504701,10.3812761701057,-1.20162694625019
"203",2.11088950010713,7.81830451096375,61.7564901782535,0.98279542918317,30.596015786658,47.374252403024,13.7465040148309,18.5818159351436,-5.24639363883673
"204",4.45372660881693,88.6289513443198,30.6544569569856,0.300434390781447,29.4900913390962,106.575598600498,-6.46383911522802,6.81291879612719,-2.29462240832393
"205",3.193627900867,48.3551198487129,69.5219535349684,0.17076712124981,3.5304855039869,152.319637571769,22.9649819564014,26.6608257849833,1.28585093152498
"206",3.56191736442945,29.2842784727633,30.437716315443,0.954907723935321,-7.13312857906202,61.5470698628154,-0.505461620878149,6.1947236571515,-3.0152548718781
"207",3.36822469947054,42.6889535060432,31.1613055105055,0.342035888694227,-12.8022153812304,35.3797288320885,5.39600336896419,6.67204935417638,-0.494373609783641
"208",3.66276019757797,27.9101691053317,21.7765133756744,0.998551015509292,21.5037382462853,43.6674574702869,5.26455263593229,6.0566954474672,0.29468916508873
"209",2.95040863197189,51.4700907479581,45.0361272460526,0.753899212926626,-16.9598160339971,34.0147644721927,20.9024300711103,9.82720016283255,1.90629869018368
"210",2.32960364709053,31.8241749202868,32.6554643448913,0.810404262505472,32.7158649749238,-0.660151433249293,19.9758674120705,2.52873711334996,1.17163211533644
"211",2.90433678080059,24.9522342758335,24.5913936386893,0.379236009903252,45.568173193582,41.3571463313985,18.5903169982173,5.62845398465107,1.3848897897093
"212",3.21292199600496,7.24350872122971,36.0959740223108,0.85562426247634,-32.7644635507183,53.8833935636245,17.4873300855677,6.99707005424882,2.21985872369589
"213",1.69860807145215,24.7873398908785,37.6585876045705,0.66639579506591,10.8287464266029,-63.9919185576422,-1.7670622992831,8.09724183363032,2.99681254571906
"214",2.53493943949486,46.5825204596041,56.0314233628618,0.466851727105677,18.7904560926312,50.7556026461594,1.45789568510751,15.1370619789995,0.676560716212549
"215",4.42098961383991,96.0596129705049,33.8004558692187,0.154351250035688,34.6026868602458,137.119949148673,12.4901772248967,7.40845250000665,-3.43703244166943
"216",2.53373001781167,15.5446897984845,30.7889767399555,0.678347630891949,2.51038605300838,-1.820330533227,-21.5246551153727,6.11163272300007,3.16976312144702
"217",2.97349533840288,32.4925715892196,40.7188545283613,0.345310271484777,5.39177674510176,67.1283374220486,6.21023429027636,9.2164153246947,2.02519262866572
"218",1.85366204760988,-19.4833730594764,39.1340820276755,0.523059641942382,7.84274378942899,15.2762368582422,20.7778708400658,6.67526589682904,-0.550724308447866
"219",3.99733559208248,99.6285210066905,29.7260749040705,0.447158623486757,30.1390749272232,21.9259701990798,17.9073161015487,2.51041635959023,-2.75942178751185
"220",3.13740114097705,77.2392974474118,45.7315842759596,0.896650144364685,-18.1000053001164,-15.7977260510759,6.20619651734013,10.649831732414,-1.75843412322363
"221",4.67967741116709,46.7377156190598,25.0491986559143,0.206323864636943,-5.93035386437359,116.126983716945,-5.19848630336539,4.50243106174019,-2.62734731616718
"222",4.1755648957598,96.9973658624405,34.7777847743403,0.484135481994599,-3.38274558518499,52.0562211553423,21.6484485743962,7.09090397618019,-1.16700099689531
"223",4.9523207437501,75.9103505847573,17.9380196506156,0.334805940743536,2.8703173699433,102.322924221963,0.0691714740001633,3.34953461184363,-0.285374936320232
"224",2.44059472079575,41.6367522962996,48.4833659735105,0.54281335696578,-0.0522689379678734,40.3240432815706,27.2230647369795,14.0022239176272,0.718874361250853
"225",3.33218932293059,102.416016353288,48.3086911245035,0.45127124665305,34.1426991745452,10.7070101455041,-6.25916771612304,10.4865607495934,-0.209253325815125
"226",3.30668089030211,10.2664415704499,29.0288481594974,0.342578033916652,-18.7853573085932,61.211064781705,-7.50233167057097,5.69313625380518,-0.299675502371946
"227",4.11984228939628,39.2484393605757,23.3047918461638,0.78330676513724,-5.81524889842207,73.1190387254916,2.10420786214142,0.644073584355461,-0.0691677790019929
"228",3.49201444008926,92.8916449630725,51.4071743708213,0.486917114118114,28.1361375690971,75.0424315886238,-6.03823157147876,15.5637345847141,2.25359470290099
"229",3.47944946872157,95.8475529645877,45.4510198066523,0.626562769757584,-55.2361044567712,4.4923158356554,7.79636842960198,10.0166329993261,-3.33023440722674
"230",3.53899589021539,84.2161384948242,40.6565015413572,0.724978421116248,17.8594266995133,49.2272051108099,21.8011060803106,9.3065182644621,0.866230791786404
"231",3.87898928217029,35.2990689553656,38.6858349850251,0.14116296870634,-37.4008818870298,154.163651791851,-2.0671000827261,7.3055462376123,0.569666891712252
"232",2.97857062141939,76.6221277263273,57.9694706074127,0.409825777402148,2.49517263659898,72.2919748438025,10.0595857731461,16.286985183214,0.790343726311042
"233",3.95085425078015,95.8882880566198,24.3995707674158,0.553810823475942,33.2835259272628,4.9317478034124,6.67337577117453,4.8959002185322,-1.37399206571541
"234",3.48132753887549,111.5812167406,50.6649664383866,0.310277683427557,12.5900510489703,25.5852147731434,13.6158011383703,14.2493694764005,-0.445166612174472
"235",3.31192414708495,12.814193429376,22.9683907597569,0.812665537931025,4.84250583125828,-4.02060588400334,-0.691882605996806,4.52327470918289,0.865912243324942
"236",3.0534125998426,60.1026606582449,36.1060552700731,0.865230810130015,23.3368537803339,8.29556969068465,18.3417057668318,7.40403061770052,-3.11365145764746
"237",2.69615265909623,50.1956418748218,43.3940317979051,0.737044577021152,20.5984634774075,12.015657621599,42.8985927031409,9.41762088093853,0.395971923840533
"238",4.16812718855308,52.7785851794554,46.5395672785156,0.108184069860727,-14.5525249868994,168.122547291047,16.1765369298903,17.2497505357413,0.372154705184451
"239",2.52962093792651,40.3851131607176,30.1218385457771,0.69104140647687,23.0549487655517,-1.60773009875513,14.5746472923834,4.87444998985772,-0.36647172790578
"240",3.12510670381307,18.5895281424045,29.8587825751805,0.901602819329128,-4.49914664378616,-4.83423456127929,3.70188405716962,7.62964616909941,-0.579870481279342
"241",3.96173795357804,40.5943908162575,15.0196613651665,0.548544350080192,1.34181529100139,26.527292535359,12.3207795556239,0.019820318760909,0.814461452875176
"242",3.62924624076637,42.1495039115611,39.5242266244066,0.194723483873531,17.8375400272875,155.096983301845,16.4815222564455,6.26525799627538,-2.80461906843949
"243",3.16179372136872,83.7127296471066,31.4578012598964,0.749502623919398,43.6629859376858,-24.7039037441684,5.3487473457106,4.36618809045712,-1.43484871670942
"244",2.38166052327207,94.8377017329462,66.8363913126923,0.89704644610174,-0.864834423848514,-15.6556565896383,47.7016681564483,23.8713581158713,1.87910355530854
"245",3.26839367642615,24.3121761716158,34.4843260121841,0.268011271953583,3.06398429252715,71.4707231714052,22.0721331911902,7.29378329773119,-0.180054376169678
"246",1.56176552684915,27.0382876986722,71.0079206870952,0.418000320438296,-11.6574019194361,32.4394413954618,13.5612189580568,24.2420700703688,-1.27923420285741
"247",3.59056343835533,96.6647619117716,53.8914961139304,0.296916838968173,28.5832888795826,79.7847095799057,7.27567470758659,18.5156685006112,-1.12347166829442
"248",4.12800384805795,24.7542860251624,31.2791950881481,0.0714283909182996,36.1058802425484,206.766671484767,-18.613204804983,6.24296179147151,0.84939964815791
"249",3.66797822171017,96.8223457111965,41.3320100151749,0.420980625087395,28.9444359051721,30.8397954764498,21.35104314368,6.37430456988541,-0.63395204821392
"250",2.2851392312072,4.40419096860404,38.5625169243142,0.489642007742077,2.50194724200167,29.6893429395779,11.7572260817606,7.06683679269252,0.661149462730408
"251",2.23519310855657,19.7137664255339,60.2980549242273,0.896252950886264,-34.526413372009,53.5900392032164,21.6892475244328,23.3335209837134,0.600546511183174
"252",5.00787597233693,36.1001169614089,19.7039229194877,0.0791629531886429,10.5916436242256,211.345058204089,-11.4953906086606,0.564365285916155,2.72077420085633
"253",4.19619702388557,58.3737465221125,39.4502092968609,0.240071315085515,6.51608990009863,137.084988682282,9.74570928886528,8.18876451929973,4.66343080336403
"254",2.84012221965569,14.1741522513456,44.2600572494303,0.286577925086021,-11.7705744310618,84.7759542406937,0.197612905713934,11.7478258495956,-0.606928990144961
"255",0.617393708269034,-11.4097870826707,65.6847654499724,0.953520238632336,-21.3394852344574,-45.7242202999532,42.4025526615899,23.00210199264,-3.53940537112151
"256",2.6232215260115,21.5041781939901,42.08789942533,0.255264651961625,20.4943436252037,94.7794723463755,20.832655996374,8.48508516619671,0.0808601206897287
"257",4.07795456978012,56.5951620314064,43.3630876542073,0.0649252440780401,24.9901493110328,189.135929972885,-2.50751478152474,9.66524831322021,3.50901707958983
"258",4.36014601595886,85.9392809979309,51.4789832769695,0.136007354827598,25.8655368576971,174.388291395792,13.0755959430768,14.0381137465753,-0.181366251615272
"259",4.46418758174697,91.3911530646597,35.6639151806797,0.148915384430438,28.1819139387105,106.97072838273,9.37953933637509,6.71673479232279,-3.83457352060057
"260",2.41601719000242,76.0183364944933,63.4551907912559,0.551859456812963,-14.4867070335242,16.0983378846417,9.44868448240318,20.0946086026663,0.499274661653348
"261",3.1057151331328,49.5522819443506,24.5029670394032,0.345569368219003,28.0770987794411,2.7762992346916,0.599679212358655,1.66600069687305,-2.39563657297313
"262",2.92597613144837,48.230436377429,40.4722384594382,0.449714154237881,1.73080032985183,4.84586611601738,6.87655987170949,7.99074404522882,-2.78327036959121
"263",2.9234966105396,58.724925587607,32.5687110780702,0.410396078135818,49.1848293998695,45.3655684310553,-2.85335489803671,9.5210307771293,4.60045798023154
"264",1.82555071115154,52.4955254855855,66.9686516331087,0.684217994334176,65.0287248663444,21.1346151594709,18.7791061740648,22.9477940653081,-0.739199468438568
"265",4.12825994730986,20.4105172936565,49.2040553176511,0.0269306430127472,3.80001682290169,225.130714733303,10.4431097657412,15.16282077361,-3.02894026129891
"266",2.7961673598857,42.7076029915674,60.5310347269964,0.138492670143023,7.53104789745198,118.009790949728,22.2392076138933,20.6838407270776,-2.3297376041272
"267",4.73548474592511,93.040180381481,21.1794871572478,0.860839301720262,-6.65319956217225,10.5013138941085,1.71853960256001,3.0694160184641,-0.890563569302057
"268",5.42840412809759,49.6948048010978,18.6067563765299,0.0761946891434491,-15.8405656867186,167.6181047193,-0.6839758076283,0.0157247348625931,4.2307373797142
"269",1.37314919878232,14.3212868850593,58.9371522621503,0.778938678326085,4.89157703117094,-27.8236044636296,5.01790422383215,19.7494748342354,-2.21007435217887
"270",2.10721965701284,43.0271305370048,45.9564120323986,0.700926534831524,22.6686494606617,-24.6940437392087,12.8137695042011,13.0780445161852,3.80651923097888
"271",2.18946874588501,53.4820903641272,26.4382493805036,0.560792990028858,49.9997158792843,-8.18322570360174,0.466017078988035,7.95720617736555,1.27178056150647
"272",4.09826139730312,67.0089397419124,22.8184409836245,0.631634160177782,-24.7866700937102,11.9320073383659,-3.48638991556169,1.13294996742865,-0.685349099212823
"273",3.51746767510102,109.218431107819,9.61671140010731,0.745129883522168,83.5977203959954,-27.7461571768006,13.8761545702263,4.00884514400435,-8.08870162719828
"274",3.82889717276973,79.3725415922529,28.9485050985737,0.402154642855749,41.7982156737441,65.4480705677868,12.9418656031401,2.67119710641317,-0.360731416771916
"275",5.19483021008771,61.6320524763189,29.7373578820102,0.058008472668007,7.91717392297733,223.367648121228,-11.5518897495722,6.20884149761751,2.94971869374516
"276",2.98644307702573,97.2312261388613,55.4326963517607,0.768150815507397,41.0041237957369,-6.4023943614224,40.1259171632246,16.8014734057638,0.810856790783916
"277",3.38401951641461,99.7790057530687,36.5996522011731,0.592605412239209,5.72995840513437,-35.8872280309947,5.25798974459988,8.69682635679426,-1.47342309201656
"278",3.05128002181632,15.2737420161849,28.3181294450163,0.363001691643149,-0.812600535829046,62.0266533042713,-2.07457163857459,4.23273746388681,2.55535153126483
"279",2.96900656401031,48.0935866667472,38.6652978724872,0.833782433066517,38.12465298021,33.6054238916345,9.68515353202088,7.4913449770075,-0.732594944361291
"280",3.17718036507892,16.9089304053093,36.78508819688,0.999073394807056,-2.86791866415944,48.7566251630904,10.7825629204063,5.9082602902158,0.890036306619247
"281",6.27575819146061,94.8668744980044,29.4107421309222,0.0415974189527333,-34.318882410442,210.506672665062,-2.67262516342623,3.49568292769188,-1.06265511993139
"282",2.03869521498213,37.5692089985655,75.9893643506734,0.333953107474372,32.2961693359606,81.6529295913015,10.2097949379358,30.6725824777251,-0.738090704023862
"283",3.46025446792487,51.7006508269016,25.8664223663766,0.421056052902713,14.3534924888434,61.8906840816876,-6.76984778685175,6.621497541656,-0.79046574420272
"284",2.8778586432345,18.5220382687611,45.4567635505035,0.737584126414731,14.6222669330151,66.4851001460979,20.211110874431,9.89489748691479,0.277166038831206
"285",2.2562328222055,26.0922874598467,44.6126021755927,0.914250845788047,-21.4432729182044,-9.05692879775388,22.6745647023602,11.6687034777973,-1.24365684967818
"286",4.13613421772911,72.9384907742585,37.9567873643444,0.753754768753424,-48.3089422109253,48.9501855017478,11.2980015830919,8.67617034521794,-0.275185324711675
"287",1.88628757949978,28.1893256094976,61.3610941283709,0.248189019272104,21.7882945690736,55.1087158078319,10.3756067514049,19.5343954083123,-0.51786605674109
"288",2.41189618647715,66.2028974885352,52.6874357526147,0.83060633786954,4.45278685850272,-4.56940044972676,15.1254069063325,13.6075613797094,1.42579859985798
"289",2.70575243402646,32.9257627240379,32.3556927234463,0.592117979656905,18.5537872589729,21.6155319815268,16.3006567384995,5.63427635086867,2.3635764421763
"290",1.33879684763993,48.863902905851,47.8468696079478,0.592605180805549,48.6609795891399,-56.4899306410985,27.4866791717239,8.33338088528165,-1.45090456324637
"291",3.3533212960172,103.202839541711,53.3573278049696,0.868611922021955,-38.5113480611507,0.366229163874007,28.721598507955,13.591585284,3.21723730607864
"292",3.20596544283299,58.1613839578943,38.3018884832396,0.696656906278804,-43.4561985843901,-17.406050088652,29.9889427124227,6.7089390831658,-1.03436592573357
"293",4.13707026425761,90.3208885142671,26.2976388750229,0.92718770657666,-7.42970654588204,0.164949960859675,19.0949638538554,0.298408344775777,-0.153846859454712
"294",4.1955327792291,85.7468525351439,46.4251872291474,0.165559233166277,67.4416680405617,122.907091611641,5.672758203301,12.9352224752508,1.16769759570973
"295",1.93016518863073,35.2942949254799,58.3448435234137,0.456847704714164,25.5948925231121,23.5676145569307,-0.428297824335825,15.671560672766,-1.43980975173376
"296",2.9743425310727,34.5016425573512,42.4132573756117,0.321936755441129,-31.2400063924945,64.8522692284216,7.07974807607458,12.8967373680893,-3.1340998191171
"297",4.0012068093487,102.224773980334,28.8385465188945,0.728201250545681,1.6402355081369,-35.0974367928059,7.67333294224183,5.80912756070185,-0.894610195475891
"298",4.64207399073457,93.6771012900511,40.6384753003907,0.0666786066722125,44.9277400988324,152.115605642162,-6.63705830854838,10.6801782751638,-2.40157231892373
"299",2.77505133376301,63.9120452184941,57.5069731272673,0.35496694711037,12.1187923183882,55.6807065846005,21.3263066322332,15.5613753272494,-0.388526270716814
"300",4.38418036510429,90.7323301004997,55.8728316624618,0.0681108916178346,-16.9434482008926,160.146951430691,11.6444467350704,16.805904066351,5.63978453619896
"301",4.66234221712247,92.2107961217849,29.3937041998776,0.186076108831912,-0.178746318573353,107.881120663844,2.7759522036407,5.02506683829429,-1.83510809595315
"302",4.49231883546864,44.3858614441085,31.5289861827944,0.00174727290868759,4.70806324417351,171.375649052727,-2.93801193855215,6.82104470768242,0.103605558351894
"303",3.76805825410243,45.1542959192837,13.4098781799448,0.565739760641009,-33.8682039823635,-28.5763391770112,16.9684292619244,0.106895298991657,-3.30175640648021
"304",3.66614415537567,73.1086980446906,32.4744090599883,0.441338993841782,15.3262829126783,47.8381924915766,8.97900947077443,5.06146201098516,0.636747311774229
"305",3.4043643890897,56.4258945381493,33.7225071291696,0.929195072734728,26.2140389477149,18.7455601386053,31.2174679550816,6.91576922604532,0.947180179963553
"306",2.07770291471876,5.35094840657819,55.0112178692742,0.464893167838454,22.324298429456,38.2254422886786,29.2137489837099,15.4917903442927,-2.10557867910342
"307",1.91363322139634,6.4844194524366,36.1428462802027,0.641463383566588,-21.4213390432269,-40.0016693164541,17.3059197972848,6.47602210728123,-1.56437122861293
"308",4.91006593126758,22.9603489257288,42.5141275135095,0.00420638965442777,-65.2625530421803,255.371741430412,1.66131508239261,12.7268738895818,-2.72982660526596
"309",3.74035520364539,36.7941365176719,39.5608330775337,0.231219963636249,-29.0460639385565,128.498717030295,-0.404937910078553,11.0696605652709,1.60139395683549
"310",3.86239708784733,31.2704500979362,45.5176646333393,0.208805392263457,-16.8721232557991,146.70294503141,6.74217263069411,12.2641405478626,-3.30311906985898
"311",3.10637235807766,63.4794532672818,37.6418934145378,0.65026633371599,-16.6849998319152,-0.312553318438391,9.87820890574222,7.90246074991741,3.46957579131785
"312",3.45399975866132,74.1728086633858,43.209689230053,0.275175743503496,-2.73970525068147,56.5760334886209,13.1341802039483,11.7719534941925,-2.781094353474
"313",2.63300179530175,48.3139731406594,48.800727671061,0.259631587425247,15.9052040615254,66.5767275254671,18.1131059043641,11.5379351550895,1.82879599022675
"314",3.68682458791869,16.3099738043483,33.2656433245087,0.179135630838573,11.7176824716801,142.119095774914,23.5877354640937,7.26637947209736,2.04840051830251
"315",2.45420534136251,60.4181775444856,38.4889883912612,0.942118189064786,31.7704228078511,-26.0921947878785,9.35876817226555,10.4646036521417,0.899410568785114
"316",3.26053328452466,-3.87770126831784,25.093718590522,0.457802929915488,-24.5748729325722,31.3899860202621,-10.5725551323024,6.45332343188538,-0.319146991787228
"317",2.98366760787597,78.891742737221,65.3510062840566,0.76232445333153,-28.7228042624524,48.2682142309903,27.5575068868403,19.7388068249472,0.909104777595131
"318",2.85303066035949,72.5509362653867,53.5422928498459,0.271275220438838,-18.680997691473,43.7810838010863,15.6737679790746,14.8635636094429,0.647238234865132
"319",2.28512616828796,7.86082263720881,37.888419909868,0.279908037744462,16.5597919344178,53.5041264310615,7.3389340576807,6.64979439370668,0.420643445810312
"320",3.62383826723445,30.2027708119971,21.2635006781837,0.392739002825692,37.4834669576934,69.5569451171726,12.3776634356932,2.14240011193849,2.73347780340387
"321",3.08971648885946,4.65306356412012,19.5006884683772,0.463699866551906,15.9619562371376,59.3544505182691,9.17509567137137,0.386041356747634,-0.243404981102441
"322",2.2622358911101,20.0546035764044,47.6886062739961,0.282422696938738,33.9270285414049,80.7964814896644,15.3383081378484,12.3045913175047,0.34152404755543
"323",2.79454684611979,98.9600680972894,71.7520043312874,0.875098804710433,-48.808667000717,36.3640594957609,34.4758746410306,29.9157172087185,2.76929558714408
"324",3.31770398081097,9.48390676558073,24.2175220908746,0.665575544815511,-16.3577991866404,29.7424453979432,5.57229226107916,4.9080131900793,0.197253988869412
"325",1.95579648133571,76.472119237837,66.2517685535294,0.567064453847706,-9.491493717306,-2.80994587665188,4.30135622865654,24.1840872761341,0.127380121407093
"326",2.94764712833357,52.3063757583967,41.0360269785146,0.471629184670746,17.3666080265833,37.7756281994177,15.933431863644,7.18977202444916,0.574073284759072
"327",2.25624382017213,25.2051149118428,41.7369699128296,0.346704425290227,37.6375198140952,39.7092117879987,14.5953383213727,7.16844638972475,-2.03237285495562
"328",3.64152627257574,57.7562034462205,38.5779343752342,0.396804918535054,-29.0358894115032,55.8607938198498,5.38218615552016,10.7873690755874,0.933227143656982
"329",4.09880406729744,41.235757597324,43.2417806326778,0.0571825955994427,12.4496367648349,199.565944965119,-13.2712972919333,6.6085211043953,-0.875525174530363
"330",1.76177309119143,36.4943188073889,68.3342912275421,0.309122249949723,-12.5314359851163,59.0376983467447,21.2091596137624,24.0093648538895,1.39752232569491
"331",4.17962703149372,89.4934742579031,20.4051818849175,0.518837936921045,11.6987022079666,28.6775921408725,-5.06734846298881,6.49361221274107,-2.81900783026611
"332",5.0135669036044,71.7779949534271,14.3007549793695,0.208508337615058,7.99010257486241,103.29285161636,-1.54803155535682,2.2328357765165,-3.6428834280908
"333",2.82026161578373,94.551899321375,48.5612608141713,0.641852619126439,63.1459367575774,4.09367539969864,23.7790611709749,14.2804500705842,-1.87566916876172
"334",3.52124645494343,58.1810986688177,41.6251383117874,0.304122356465086,-42.2577102113579,64.537368424478,15.4243330692884,11.3212907355409,-1.82662652505133
"335",3.01599398130576,15.7990964110353,42.5086149274678,0.459058603039011,-12.1119062999459,95.7466044940884,-0.823454707926357,9.91114328250941,-1.71721980473745
"336",4.17659930753869,40.5102340903418,31.6364173653557,0.62263330980204,-65.8443007813955,69.6740881973041,17.5464737868874,1.90426578668505,2.67329524477353
"337",3.53418912366105,64.4676846544888,56.6614446679848,0.156524517107755,59.4738167199284,117.426215052679,18.045796155597,19.3883322402522,-2.19143677852684
"338",2.76887857687792,49.492740172445,35.9252893227469,0.405764280585572,31.2991467974973,14.6598792255636,11.8694422006319,4.01493378354687,3.92324809770478
"339",1.26857855999005,5.41352170274947,56.7306562439088,0.756460244534537,32.9961614137927,-32.5694099289562,21.9053646738071,18.0760417663791,-0.609012045780178
"340",2.34541365792872,35.6635555244354,75.2879182557905,0.125189102720469,-48.8628030911274,132.000127714335,9.49891256359081,34.3825463414854,-3.05248364749679
"341",1.80758437030904,36.716964670085,66.0266877935082,0.659524263581261,-36.8923548213662,11.0642744124868,20.8688566513523,22.7029560805159,-2.44113587859258
"342",3.12419025577131,60.408386860618,49.5220392129768,0.279704935150221,21.3662795653129,84.9435333327264,2.54459306195843,12.0503381028297,-0.578514366282125
"343",1.24901577724459,-3.38679227431966,42.6117732501655,0.527249192353338,-2.76083277376829,-19.8131820870041,7.52750889977634,9.78289392509315,-1.13441623724289
"344",3.33655473263932,74.6032896671491,36.8790378822564,0.690612678648904,-18.9759350677228,-18.0736660610739,7.58678615431722,7.97090824259412,-0.635844897931959
"345",3.81135865991667,63.4500126582293,19.8829953716695,0.452400285052136,-28.0324930838411,14.8425300874999,-3.01628731807739,0.636117361993655,-0.996781028575749
"346",3.46769698747221,9.83273448678258,52.1109128075371,0.100718022789806,1.80205798057836,216.954992563344,3.55215924514269,16.7983353216027,-0.233086152461983
"347",3.11928934196424,13.504998318281,39.9066851022048,0.965844097081572,28.6347843258124,67.3656299390328,15.6761607126683,8.68198448851973,0.469034692330568
"348",4.14058110769213,70.3113378718998,39.7026351158238,0.203398776939139,9.80624447448167,136.769014534721,-0.797352065194938,6.41398062015648,0.810877894654107
"349",3.74876480694752,88.4227128642994,41.5427003411662,0.328836448257789,1.90240694810858,37.6472784780102,11.86741542521,10.5200823087726,-2.68938929061386
"350",2.43581953141398,101.430357384354,79.262326935532,0.268667178926989,45.2249541271836,47.2101141870781,16.5214029519686,32.7323086657819,10.9570251138746
"351",3.17220287510816,36.1635445321944,62.4098243442207,0.186858313623816,-8.57194895161868,130.186961467214,15.1642516194929,19.3781019846302,-2.35878296196126
"352",4.11341149132566,78.2232435934242,48.2088235540415,0.137343714945018,-53.4084216809743,132.476839110672,5.77449907362466,10.912608662334,-1.2057479869216
"353",3.08862497395437,68.2828286185299,48.8128416699224,0.376019859919325,-41.1573743708804,38.5169649441719,25.8498142619336,14.3398940180354,1.51659096331841
"354",2.98166007204854,1.03722133733767,35.6354113900417,0.956477185944095,37.2479803137459,70.7869917676905,14.0451252196797,8.23262483565315,-0.159567865865193
"355",2.64637767042466,39.1923922505399,43.2943691628099,0.478280618786812,2.55061203627573,32.2428977447312,14.8843626861498,11.0468601224058,2.45809127544699
"356",3.41618001363518,28.8912580433799,29.5309397783361,0.299229550873861,23.4030921585977,130.765109575493,8.54844717281936,2.26342136962324,2.42576700620705
"357",1.52949569218106,20.4917260796066,81.7756643025067,0.789677811553702,65.5892949035226,54.5587956678309,36.139138847928,34.7970400192511,-1.02473727034793
"358",4.35141028733188,58.4622655151278,38.2199164168666,0.125666755717248,-1.20832419369329,162.061325116647,-0.141854532370822,10.3716321183645,-2.48538349970666
"359",4.38351713642891,53.1347309413891,48.4198240134989,0.0843759006820619,-62.3801891807734,174.747441953512,1.06243642485342,12.0606903201005,-2.03373200888672
"360",3.66220830406683,49.2091669335431,21.4379865083081,0.218078678706661,51.32163313875,106.966855370559,6.71325724197206,3.93901844394355,-1.84652738458822
"361",1.22288518296947,12.1970960356503,49.665702818174,0.707027223194018,0.39448406673739,-62.6274040302121,12.6523522733781,14.6636432830329,1.12841484203916
"362",2.59738303090311,29.8124355847643,50.4468787116789,0.991065128240734,-29.5920154243749,12.6146364878328,29.7263896754468,14.7062631434871,2.83471494496304
"363",2.03331898951993,12.7098569954671,45.2349596498194,0.727467423770577,30.6737545891618,11.9209663204765,15.2931099461087,12.6710410728185,-0.728007847344925
"364",4.07171752687458,69.1056980981285,27.1965111705965,0.251178704667836,8.17587570031369,62.1316147589677,-10.2633887055072,5.66350616005087,-0.15631844376678
"365",3.88305909259543,75.6239650506078,23.5354388046003,0.828462134115398,48.6312824401337,11.5262810823387,-7.84411961618811,3.31267149234856,1.71304793047978
"366",2.44390821883303,-4.55256523022699,23.9081485465546,0.733498730231076,-4.21124142928421,20.5556235853528,24.5854862522372,6.85486541089977,3.18162142395843
"367",2.08435781150946,33.645133222205,61.5378525382773,0.918018308468163,12.7159082750148,17.6616491704617,11.615448301277,22.1089461617202,0.0363296092514949
"368",1.2829640264944,-9.40329887476542,55.9834670319285,0.693195404950529,4.1709836635435,-1.39376899998418,22.9088491114626,19.9813317039138,-0.633657768766093
"369",2.88915262903982,28.6659540002598,27.2463263917103,0.604855055222288,-30.3565487861288,-2.60187601590781,6.61652847707675,4.72691917584072,5.12402378353259
"370",2.90941978948654,11.629816078613,44.6906192180012,0.223255737451836,24.0919892688092,98.8843419226137,15.633976012832,8.37770751777679,0.830879677560537
"371",2.55379839166513,50.3298872354382,50.0908129429327,0.973696234403178,-21.2925494168828,-10.7150533784838,32.5670281698679,15.1258766779707,0.181360345754329
"372",3.89206607458009,42.8211604842796,28.1335317574303,0.202709073200822,33.4748889103829,101.722638598979,11.2816943827191,4.61663008849703,-1.68974761190663
"373",6.09565239378331,98.0798701093888,31.4169977198061,0.0795720661990345,-34.7305678414636,201.323789026556,-9.80526554580577,3.9092071779915,-2.70621862152045
"374",4.08745978126953,43.8796777434396,49.6197992843011,0.108475323533639,-32.6745145358274,165.40467367165,14.8355370350327,11.7686222355895,-1.95054504228392
"375",3.2008512458017,91.4619454842642,36.0048619329112,0.581183935515583,29.8876963077865,16.9506505277261,16.1237275570824,6.97431881184804,0.751954163361628
"376",2.27490295032882,23.5776659484777,43.6460330821227,0.413147303974256,19.9467736935371,33.1066073091219,-6.53192572481729,7.21601524520048,0.780782408022977
"377",4.00033611372486,31.3796107918646,26.6044690071502,0.829905988415703,-29.1229513777019,60.5160652419737,26.8535282122424,-1.08923270231893,2.32723123793505
"378",2.28394752137316,54.4612053997876,50.5604695210644,0.567672202829272,26.1461387444908,1.68519045481683,30.635502329757,14.7008555157609,1.81436696260374
"379",5.42435628670161,77.1479458688483,42.5022030511439,0.0459791328758001,-9.22775139377889,174.921967238145,3.57552701645304,4.5320999155649,1.06429067440643
"380",4.20205078370132,97.3776016107332,40.8324005672547,0.17339888564311,5.01913405614897,83.1660929276503,13.047158462808,10.7732057462609,2.60601334331895
"381",3.81625794879062,86.7784674063948,53.3710930572335,0.366039462387562,28.3477991511834,97.4036694165536,8.32135687263752,18.3509042918123,1.81861858157003
"382",2.42845018548153,-13.2822498649852,45.1911715677433,0.410374894505367,12.7386841222565,74.30073947339,15.0702083257286,9.71421621407283,-1.16710081892618
"383",3.66270920289326,94.775348441674,33.8543040398216,0.949422701261938,44.1802911906306,1.57804257510806,0.961855605244017,8.41167750522819,-2.92536887215669
"384",4.09561562559901,60.0644431189865,28.5289516284254,0.330386986490339,-20.9438615090384,75.7905090536214,12.0037484923051,6.95900142068332,1.40557116122616
"385",4.18284368258828,18.4933823429613,31.5219371531152,0.0547751963604242,-45.9293118322213,139.409825958301,-7.04289071782331,9.85171797371544,1.07589104079786
"386",2.8838441471733,8.04464898213991,63.4861723770294,0.132136977976188,6.40616168520509,179.483693171768,-0.961359799644978,19.7064629420885,-3.65465001921189
"387",4.12596107254739,80.1181734930735,27.595548628443,0.591909850947559,-11.4783378471505,32.5904322298025,10.3029280036888,8.02845584283145,-0.968803170020331
"388",3.54651017393641,30.0784616273412,22.5216526856706,0.301300609251484,-14.2327058836681,65.8103662993282,3.35237306483315,-0.851500465672693,-0.464176216985625
"389",2.03678292635061,-8.21474264869811,46.8190801571787,0.922849142923951,26.7592404256148,5.51337130576352,16.1340781327548,9.76758669874756,-1.26908868795489
"390",3.52557561114126,31.2758117192067,31.6213941862618,0.166339594172314,-10.4756635441166,53.4425325593288,6.34608126548277,5.92408847045537,0.405809813598283
"391",1.68606630224662,36.6378804119844,39.399111056001,0.862086113076657,95.772062850761,-12.187680844836,15.0874849546195,8.2131658869711,-1.24740586859198
"392",2.57158105056723,21.0541314814898,37.4957783452707,0.709972737822682,-9.39421714216409,-29.6201970226071,-4.73174821307161,9.71188603844137,-1.06456155814567
"393",2.81479612508433,21.2263136420805,24.0987832634215,0.316085293423384,-6.75042878428829,40.2674161074384,10.8667780876334,5.00669297150788,0.0603922407965383
"394",2.94647991290991,33.4770917033089,41.3586848961501,0.974210565211251,17.1400206571539,41.1068454433777,27.9496964579918,8.15536185881325,-1.85160733013919
"395",3.18106041066593,66.6702900861735,35.9719272452943,0.959144130116329,23.837689076481,3.38780542834296,14.8008745618581,6.30521749977176,4.48307338935695
"396",3.19697173335536,45.7821960991624,41.4405823074928,0.686765104765072,-38.221716284901,14.9480309249737,25.5542476071065,12.3928848659177,-0.145713640975318
"397",1.84588157032588,42.0131143441863,39.4012995366197,0.397297237301245,70.2001430092675,4.67697873631228,-3.53363575485494,9.06102878499549,0.294799048647032
"398",4.67333022768422,78.3793979235043,23.92234867471,0.793237921549007,-45.6441919133895,0.388879814207604,-0.73427428808645,2.26909805044894,1.57795722417081
"399",3.07107702877504,19.3553073573658,48.3000959651477,0.18514756555669,-31.3667012083352,110.661166398794,3.01717188084876,14.0861676030674,-1.360278348166
"400",3.85801291630582,85.8646336892044,52.6579134410346,0.473825948545709,-47.5161958520621,98.295809296265,18.2637989618522,17.2277364979737,3.01687657920193
"401",3.48899863728388,103.896774832557,48.6845905101015,0.920497108716518,45.7350667172862,6.1385780876,26.3863724899727,11.515396127138,2.45953491899003
"402",3.54418400900427,74.9678744820602,31.5302301372711,0.745176470372826,-20.9702630882587,12.6719711570714,16.3975249680596,3.80743491785129,-1.00012393542028
"403",2.20456954628648,36.4332348431182,61.1977292419681,0.215972921345383,-50.6038049047961,74.5477815875102,4.84699220164642,21.3584287042448,-4.32225681047821
"404",3.65203426228293,86.5967944237499,29.3238782301408,0.512171869864687,4.97474292101531,19.0384591221309,-7.83195336843372,8.155465888366,-0.116761524612578
"405",4.21229217526103,31.2772817223118,29.9931932399293,0.192693207645789,14.826296819498,156.08022469552,-9.72399522141379,2.76550465156538,2.31087933671775
"406",3.03423491337583,49.3363893069638,41.5838158624197,0.407278923550621,6.09179615891215,88.5817250923044,-6.36234415889929,9.80658950660309,0.928556771818298
"407",3.92058906553109,64.2413674385089,58.5138656324205,0.0326528039295226,59.3289333334721,189.534202054682,21.7825157533661,19.773180535801,3.04466325515427
"408",2.14205415209572,21.5155808029799,47.5571691283324,0.576401094906032,5.09569944358064,8.41805376127003,5.77858878083479,11.7991576283857,0.869705584136077
"409",4.5574415588531,61.2681761487882,34.6578405215931,0.0501908180303872,20.0881653153572,178.519669799611,7.4428366762092,8.44534102437128,0.730925227662822
"410",2.05834912555075,57.5796536308588,34.9753957714564,0.776316252304241,79.9674582568826,-35.1871835765811,12.0040506896143,9.42385597925328,0.491116937514262
"411",1.1397477232317,2.48265769355503,54.0015680057741,0.656262120231986,-9.43672540105354,-58.6658748973407,4.8785609238001,11.6703148961814,0.424433803182838
"412",2.23780271038735,32.5912994704767,23.1309476894624,0.640576517442241,32.9195887052113,-48.0819488833386,13.3825008673207,2.62046273830329,1.09832760827957
"413",5.52465905169838,54.0301393122907,20.8588147891009,0.0124405547976494,-19.3651628164611,195.87272115269,-15.5918133246497,3.16936092970623,1.4148107356629
"414",4.80357945444311,29.7323732507301,34.8897334467266,0.0431239055469632,-3.32219526997873,220.580069779357,-11.4278706928002,8.20928335763706,2.63516932293344
"415",2.93879767078415,41.6682059973187,30.0124097650985,0.8703784707468,-9.31701615326329,-36.6616698118184,27.9587559765643,5.81139474501266,-0.0873910486548671
"416",2.88659980126933,30.0067306351539,43.6572040185584,0.278613625327125,32.5382765178589,88.3690998246272,13.2118393173896,13.29945053733,-0.680546656598052
"417",3.0053876123122,91.992988194452,42.7648145041588,0.851230643689632,22.5558352826306,-18.9524367420608,14.8969673015822,9.57896894194619,-0.451504289038982
"418",2.98493711500242,43.082926148626,24.1895756329639,0.757189869182184,-6.77224157939095,-26.8538808190878,5.35432885328473,1.68032255731027,1.42360964144601
"419",1.38292620768954,59.2548858307494,87.434639383557,0.975425143959001,15.9746982177298,17.3678642935378,31.5881872644824,42.5353135089167,0.893304986725936
"420",3.19973154385499,69.2244940470153,43.6293823918486,0.718553264159709,-23.4114047498117,25.0536998089349,26.3272336443085,7.32407292221509,2.49614387351843
"421",2.16879181055715,37.342611084938,60.4369742745813,0.538656370714307,9.0832856309252,19.2503246296753,22.4945727461498,22.3222676940923,-0.0817291932548804
"422",2.9610313038736,54.1675550274094,41.4968740830508,0.540654672076926,42.7356990015996,87.3870776949785,19.2493464943809,10.886909744313,-1.32145172130908
"423",3.52159279604609,-2.73103643541985,24.2736187955783,0.413990303874016,-69.8859685632182,46.1453040627909,-17.7867528215418,4.70389069264383,-0.669518425098423
"424",2.75081670109306,73.1512657430889,62.2565803849111,0.734548524487764,74.2321093833561,8.76475170910779,17.8629522632013,22.2071304363425,1.4536214924536
"425",4.61131558545195,91.512166910389,58.802738939716,0.065912117017433,-0.583482695817177,180.640448175186,10.9312743337269,17.0721973117204,1.21195171935564
"426",5.10352038318522,59.8607830966117,26.7839630312107,0.0385460695251822,-1.69030936369255,191.54888533089,1.66465894260172,2.07210669540443,-0.0917839369326838
"427",4.01197930287899,35.4687045451798,21.2115205441455,0.156387911876664,63.767248808589,151.254253431564,-1.49162865898022,4.46574531436193,2.55556412291012
"428",3.21270932657762,60.6464058008702,38.5086247789661,0.314800278749317,8.3320902221089,83.220527539915,7.26866639119639,6.3857463650655,-0.55760100787911
"429",3.99324743094334,106.008587616011,50.7005207511638,0.941702922806144,-25.7970920766148,42.9024452041352,7.21068741248426,11.5667750341122,0.968308189584037
"430",3.06322377539356,70.169351803789,34.8864501489673,0.555020177038386,53.5480560768054,14.0248225503618,20.7251280068515,6.37095694894257,0.697183848508008
"431",3.28891188538449,80.2541323131901,51.7866790153054,0.623166844947264,13.4031808700305,41.9411890804662,27.8747516962346,14.7918202431426,-3.1342059336443
"432",4.02897472777446,70.3579721488063,46.1919835808497,0.161096619442105,5.42890033469007,133.254479490636,6.9324136881962,15.108500076727,-4.94082181459621
"433",4.55412383184421,90.8451593339185,9.61923645407662,0.52532173669897,23.4322191643375,32.5995382620315,3.48762822279022,-0.549387569096129,-4.56543894218127
"434",3.2803263720902,75.6819504933386,47.8140349020316,0.827347229700536,12.4182805622804,25.1968015354644,16.7705493381356,15.5876393867571,3.15675363111423
"435",3.71077740390001,42.2821700999965,31.4041006812838,0.488724996801466,-36.1308292864898,40.8976343815205,18.2749883148647,7.69024492110219,0.464734840035651
"436",2.18409392754175,36.7676203752182,70.2454391152355,0.347640906693414,58.3556652719575,74.3917539139609,25.3370387000079,24.178984022602,-1.35261626242801
"437",5.19940503243039,41.5557667411209,28.3599914042857,0.0140299294143915,13.9868715661353,242.055229672164,-0.046816663595346,6.78753552929398,2.38916520868175
"438",3.3012817673064,14.4493846874395,22.0978898893514,0.924668106716126,-8.12752941641327,26.3299743013104,14.0898453043097,1.01368088509502,1.90980096821367
"439",3.55195591792888,68.4738372603382,25.6064194023682,0.626471292925999,1.7324387425373,5.85823010635088,-0.2976228650778,6.38370199068457,3.11409444579548
"440",2.15038700341502,19.5947848167646,40.7808801604181,0.56014298950322,-0.210132916046823,1.21879123039241,24.2330563755991,6.91137252136228,-1.18803201843068
"441",4.47737236907421,24.0500597236577,17.9428071287682,0.232186219654977,-36.9842467108338,112.544729779821,14.8469056426622,2.48774211144851,-2.44553555233174
"442",1.58292751575339,27.6933005619796,54.7043601306712,0.85858113411814,37.0555421370789,3.41017519330199,18.6204929644193,10.4283329510384,-0.0946761387424425
"443",5.55304849969465,98.2843035528723,42.6263310495912,0.046353280544281,39.3938361159007,213.45793816551,-10.3213094865647,10.9120378682534,-0.896541613711521
"444",4.16252808351896,96.6064966706319,24.3083852017963,0.131926124449819,64.2519105270792,69.2895304704035,-4.73919688655458,3.59263726479246,1.19838435231644
"445",3.31255806841367,71.9879730414936,55.2229208507968,0.26298234378919,-10.0525698066993,86.3639545293983,14.6237162029437,15.5980333284484,-1.3322110024841
"446",2.89832312341163,40.2932650514899,42.146281513587,0.706888252403587,-49.9299780939101,-2.11149206120919,14.6977768245008,8.85087610144278,-2.98051900862091
"447",1.0578467590087,1.64857957458625,66.1952532257899,0.656263415701687,52.445530340896,-17.2208065551982,0.9488652682649,24.4492391662135,-3.9881214231852
"448",3.73006783103893,17.2156516297215,49.4144048564892,0.0114509456325322,-6.98319032122452,191.377883711448,-5.12932137287825,14.6600159673873,-4.18093059665522
"449",2.41238772504855,46.5137763234467,44.2376812811842,0.706557078985497,18.2813142309454,0.343407396649719,14.2481031745905,13.7200293761551,-0.482198991348874
"450",3.68535928064935,45.3433474868034,33.2290689096477,0.268238567747176,25.4984784299765,86.3327791087808,-3.45013527477352,5.93502057392385,4.02178371708015
"451",2.59886845673689,48.9719147115157,34.1913863880522,0.833775111474097,18.789332801089,-25.9603052554167,21.1512409266161,7.08796050404579,4.03469983562787
"452",3.99646568191192,21.4735025339834,5.87177303450522,0.902147077489644,-39.6844929176399,-53.8227543178196,1.92913132501916,3.90865513264906,3.99184424285203
"453",4.5222195908848,7.24587382170551,22.7979984157905,0.0658041890710592,16.0718705853281,221.33630697893,-7.54641339849039,1.40338698017912,1.93007508751802
"454",3.65403571132931,71.301290463081,31.9382964359188,0.868240434443578,39.8764208087202,16.6373357728769,15.0073518242237,4.39093235084264,2.46015929681794
"455",3.95971276115982,72.8448742282067,42.8558634691597,0.410737399710342,-5.23769692963258,115.846567492278,-3.30065490368661,12.0169118735368,0.484108477700945
"456",2.19562023618834,65.3149913764616,48.5012246806588,0.621434020809829,35.0017049598126,5.4116994175198,26.7524117815869,10.4247889093764,1.30575701446671
"457",3.7730636915703,49.1057910039248,59.3653041999788,0.0806385830510408,12.664803473389,193.642607522215,17.2247396830299,15.7771488305456,-1.63471005655586
"458",2.59151966065195,63.2391730910709,55.7353425442121,0.785309630446136,8.61020004881937,-10.4226466175623,35.5345040469883,15.9407321959459,0.687328594504975
"459",3.49020046921411,48.40386506253,26.6887764710823,0.589621153892949,19.8495712508164,39.1979908174186,10.7367607034032,5.51704485089699,0.497897575806136
"460",3.78839045044616,101.89408978144,31.4671692961414,0.975759269436821,26.1941307755167,-24.467169226092,10.6721340305272,8.12467220394986,-1.25061903796309
"461",4.88373719991952,83.0322162617912,28.7778207068269,0.135863566305488,14.0850211468795,140.694642664293,-5.44769895321942,1.26847137005717,-0.123862957048077
"462",2.79053143319335,23.7111527284342,31.1013430567053,0.412347129546106,98.0231359846294,69.5003448441715,6.43963540685925,6.23667049963678,-2.59434284338664
"463",2.96426178255315,22.5444716845839,27.0283322553813,0.28848722553812,21.7411742934529,72.0840706683208,-2.745919176434,5.89245661936298,4.36891293596957
"464",4.1990286122742,62.558018547723,50.4626667970383,0.0373238755855709,29.7714638082604,172.287430970828,12.4915207995027,12.1634548721513,-0.374710335426465
"465",3.1777947918742,56.8645079646922,42.8981720467876,0.663372615119442,-35.5088962316473,38.8641590629513,19.1213881780504,11.1062461985804,-0.123599143930854
"466",2.74022624666317,40.9140179078082,44.1482343579761,0.390680900309235,8.77038150512286,39.4302136032814,-3.67072288204572,15.4416763443202,-3.24339259584362
"467",3.04946339143366,34.2163638936149,37.5634673251781,0.742689269827679,-35.4603795399475,-12.1066732869741,11.6297515746833,4.42352049597003,1.58018767314743
"468",1.60462790256644,3.73611789866623,51.9782401450546,0.914460842497647,10.3018239757351,1.79739332315535,17.3457903235014,13.858259310615,-5.01912433335352
"469",1.12592558389494,10.2122612541531,68.1189153164494,0.936173073016107,-39.7047350262012,-12.3341558654409,19.0249053792668,27.57000353242,-4.30007742631033
"470",2.65143961901427,8.41235555209467,39.7330551576245,0.45733192237094,16.7714432511383,96.5208173160086,3.27869821386675,8.40969420758616,-2.20655080874067
"471",3.78211448484772,51.5250669513859,28.6590818447407,0.376862632809207,-5.95693499068343,80.6055613682223,10.7457579743841,1.82701977891004,-0.129711195024532
"472",4.00458304874319,42.568683635319,16.716755216136,0.19440461252816,-3.61275959564823,44.2324592464779,-3.00637302243454,1.17272779363428,-4.10618164426841
"473",4.14099827713206,103.821850076361,62.3248008393817,0.133181471843272,41.537028837151,165.21219042473,20.4994125702511,21.3063715012574,3.72180559689879
"474",1.57090712101532,12.4702970667455,37.5584171503808,0.650460513541475,41.9599246532361,-33.3142259445471,21.9692253421022,8.73615476504306,-0.188718361569945
"475",3.86842770420279,20.1748096036977,33.9028372670569,0.0839349653106183,11.0626537921752,168.612801547297,0.268408112702266,7.24107046737044,1.51130537058439
"476",2.17924642522657,8.99311594844103,64.8421755117359,0.223546958062798,6.63439064950008,128.993304002901,0.0976650455686059,24.4676690478436,-1.38838548370004
"477",2.15684760353689,51.3343439312031,58.6437504560101,0.557810892350972,-1.2106092055004,-3.94826232011175,29.2380980420788,18.3919833582546,3.23843924579882
"478",3.6232809666089,86.6698061216206,58.5506254966187,0.310171189950779,27.7328978321344,87.4041751325344,-4.63392269708182,19.0900631246368,1.60763020121174
"479",3.1343752690846,57.3668033168902,45.5714097211256,0.682512409519404,-35.3885429031924,23.0812130821564,31.7894104613205,7.18469878144248,2.01369945533818
"480",4.7116722440871,89.50044267696,46.0708028756827,0.0943305818364024,27.8562553773945,171.024116067008,32.6842248603361,12.1475306270123,2.56751332751199
"481",3.72447368545652,59.5366809904588,40.3596374879005,0.27885137242265,-7.19671370597453,50.8938950512961,-4.78939119235709,8.78431736667519,2.5710819541681
"482",4.15371255734942,62.1866144358202,38.747355301482,0.301181748742238,-24.2591333370435,103.947571560037,17.6827059355365,4.9732349431239,-0.869160154525389
"483",3.35659869091599,38.6606893231493,38.7675987169586,0.232520704390481,11.6113375742747,78.5205815900401,-8.20862273563735,7.21145908851796,1.47063747760014
"484",3.60108797817046,57.0169436492074,23.6454183827075,0.435189782874659,21.060804328065,29.4871816362828,23.2833637775388,6.68746271077711,-3.99545654350491
"485",2.82844813231994,1.38875444565672,29.301450448497,0.197535293409601,15.6265795243153,76.411407730531,-6.57262134819609,5.63445723466467,1.31541578645177
"486",1.71310751895223,21.6192080188382,46.3177155087979,0.698265903396532,-16.1614904468824,-32.2783574090706,14.8823955046286,9.73394566054585,0.118583558171761
"487",3.47717113719144,18.4666843610551,25.8038091384493,0.0767488898709416,83.2634071474358,161.430706469202,-5.66490356954982,3.52960990952451,0.125667235431795
"488",2.41182143800761,6.27981639309766,51.9155278613139,0.99363314313814,-9.75317830433453,-3.22550886906126,11.0653548288829,12.9814177899432,-4.69215479072125
"489",2.6525360775512,14.7694035106766,31.5187630971952,0.795681310817599,-18.0844031678626,21.8848885255533,11.6028495651273,4.04974937735302,-3.56487152218837
"490",4.78571581614795,78.7148149813566,26.8094846390801,0.882999343331903,-30.1662727499644,51.4983604517338,5.05660024419758,4.83632802541186,-1.85004834579734
"491",2.64584329634092,33.0929305127062,44.2310284191672,0.367579404497519,61.2557396047162,94.0837440639263,12.1714244026422,12.4067658862912,-0.140198206595194
"492",2.7701565831125,23.924187235171,36.8078381644962,0.954432962229475,9.53753930951271,53.4577795289188,18.9512656885401,7.94542401282723,-2.67428196237603
"493",2.76270158051117,92.8741172828956,54.0855084624326,0.603892162442207,-19.7767043896319,-10.9265697459915,12.4880450811259,14.0187514266988,0.427213841478624
"494",3.40872677432939,18.8676328188917,24.7164306976952,0.995385176036507,-45.9992993506609,-11.7196473414399,18.7167355195742,5.21446853597333,-0.357280064894774
"495",4.99790605680758,92.47479439878,22.5635601877773,0.755133683560416,-46.0546666726134,23.135574861023,26.5574107137909,4.99390812351563,-0.709117426156795
"496",3.64867827000281,22.4886052457001,28.495755448017,0.977370002539828,-29.5501918317813,9.22362229307818,9.15133664913175,2.30291126956979,1.28298713809222
"497",4.39841843644964,110.599517029718,40.1153481593191,0.36403212393634,-4.36409833318047,56.5114781831319,8.1777701121752,8.32507741370781,2.41112125880743
"498",2.64157341168376,17.2555663549589,39.3524312520259,0.872627757955343,37.3842878049625,22.8853295104752,16.3468336903868,8.33204595062999,-2.18977315077302
"499",2.06858847235184,10.3940908299267,44.0167112867802,0.635191159322858,-25.7967057126621,27.3659140336593,13.384838367973,10.6525928061645,-4.98245177188958
"500",2.87653672032587,44.9085689577881,51.4783500343899,0.375799317378551,-7.86646608184517,62.5945245384353,6.15899028102238,11.6164715531619,-0.0535871939845025
"501",1.98318870235006,4.11489224083223,28.5211426550401,0.932713795686141,6.39420478221625,-34.0441842775357,8.48296372085562,6.05465085566514,1.96380445801463
"502",2.93336504336393,32.6979843913409,29.1277887196996,0.787777789169922,-37.0895095053302,-23.7208432689874,4.57581072220674,5.85355833677458,1.59030402644654
"503",2.00839800957922,7.33528756012507,52.5095764319097,0.295931587461382,9.06234095897343,54.6180172659075,19.6963154656943,14.1222445992251,-1.79890164378418
"504",2.44092200261478,69.2736571010944,65.3022429702169,0.362687938148156,-5.19826484147647,40.5581717005372,14.8453988162606,18.6765597295773,-2.34165104720665
"505",3.36419769828037,61.8183393233164,41.449792929687,0.388384712394327,16.0694190286293,56.0475609292417,12.8902339230472,7.04839997953586,-0.944988606176263
"506",2.13850972799341,38.647875692639,63.3856550846881,0.435595664428547,39.5835544203776,76.5056257218834,17.0402647901081,19.7195557436823,0.703576769879327
"507",3.50022645564851,48.804584919426,21.7506675258332,0.505058195441961,14.2628960783143,41.5490054822741,14.1371697339702,0.667560976440815,-1.71212373853626
"508",4.51160521699382,80.9742145801933,30.7344412209094,0.913492004619911,1.69682096447439,70.4026142674983,25.0089621373581,5.00975545744204,-0.405664712640996
"509",2.8685594796125,1.31016110149218,16.2817931681019,0.734339244663715,-40.4103400360879,-43.5953986630724,12.6242677467242,1.70729864707406,-2.20826728001217
"510",3.63334937999427,98.2131354387547,48.6861870575211,0.531357429455966,37.059576198286,65.9124722584137,32.988479766718,11.1215768738714,8.0753102043808
"511",3.36043055477034,4.26370945777944,41.2888702329565,0.0580813246779144,24.4267759031944,145.619377629785,2.76325938357124,10.8439355130085,-0.0244540606972329
"512",2.50855348368587,51.1476500230256,37.7744968689963,0.694010868435726,27.4696830757449,-23.1470717891099,11.4883338613754,8.99837326496043,-0.0136327765319131
"513",5.27796095216094,63.5641656047279,34.1824813288941,0.0230619546491653,-30.0719508608024,189.783702828518,3.07690159358524,8.64135577159421,0.243001492378831
"514",2.25458297230688,53.9742870727264,56.6041763683057,0.571893653366715,7.33178166740116,-17.4271667056143,23.4647307386926,16.6788827516104,-1.55251320007247
"515",2.64667914266744,87.1111682136842,56.2438974995677,0.67937532463111,-14.0521106972283,-10.4178829444356,23.2125875093983,17.3529717697713,1.42551047861006
"516",2.734665227106,58.2352515908547,48.0323656067111,0.537597643677145,-12.594490965266,24.9896149848145,33.8785577763532,14.0466525897278,-2.57807790152641
"517",1.74057823908779,6.99182057927322,42.3930296440661,0.384007003158331,56.6458148075726,57.7250140867288,-6.73450813909462,8.78169746917509,0.780688560147583
"518",3.15103662109913,23.7477480878131,39.0178396225682,0.339099105913192,-35.6633326452552,78.5934492490202,-5.58278547196772,10.573852942094,0.797682770802692
"519",2.6735250721359,34.7173754541204,53.3272035934263,0.124317661160603,0.0696743064974048,90.5601793013794,1.88828565282603,16.4946063868038,-0.784873811001878
"520",1.18841459893445,7.19797315376857,75.9528999836774,0.913289631251246,15.3830906979296,3.24879886985418,25.7457581066716,31.465946188125,-8.40060232379801
"521",2.50077772906551,14.7750868904926,32.1141872194739,0.613344474462792,-35.4088634494587,-25.3404944709441,24.2520926654538,8.4141627845552,-1.1335632062938
"522",4.61326949718618,83.84902735187,30.9741595739835,0.0300286232959479,53.6803227691471,213.191574750234,12.3133710129451,5.12434389323476,-1.99205179931839
"523",4.49311779791956,28.1050326809581,12.9186425489262,0.182060286635533,39.4857428353177,170.18269980242,-12.6244101676654,5.09968051834893,1.42404283328082
"524",3.66015935470448,100.208215165828,44.7386454435999,0.299251416232437,1.24403117323986,53.7252106294754,11.6124026147588,11.5558419724275,-1.53265620547379
"525",3.3028937877248,9.64121942883608,21.2671799097787,0.119762789690867,28.7340848478704,124.147745348391,-17.3252624838602,1.96427882343599,3.59538365822339
"526",3.80569969737391,25.1957335771352,42.7728406283858,0.0826050513423979,3.06436883325909,183.29299283395,-2.43377666587504,13.6229679744915,-0.685617034000609
"527",1.80465006457592,2.11406738406827,41.1329554083809,0.976803545840085,46.2951247810066,-12.7828478072035,17.0691664131969,7.1428093461578,-4.8771412057842
"528",5.2197187679214,80.7454974852963,41.2413255028373,0.193197147222236,-8.93831141974175,173.553860758168,2.95416006701823,7.94931845740156,-2.63217480915366
"529",4.93004812102597,90.069035696193,39.7796791726063,0.0682908459566534,58.9682676060607,194.607939993868,20.1242567648899,10.2892566887515,-1.48898907290512
"530",2.72975531570061,1.45704546690545,21.6465140563728,0.315399959916249,7.35124761114485,3.48299532882196,-0.777666556688376,0.698649648902673,0.844157206150899
"531",2.7783376456334,20.3621895127516,33.1965563907423,0.877473942935467,2.95096195762835,19.7816069802729,2.86632889389063,5.16784689218063,-1.30948202964037
"532",4.56052358531186,76.156975022537,22.9450502723052,0.774744895286858,13.1404627690549,70.9803879947408,8.22589326601599,3.00781052041838,-0.295396700383335
"533",3.67668686219629,47.4470992544612,41.7808679113989,0.143947417382151,-11.447378279973,105.558453250474,-0.692478272698954,9.38596321250448,-2.38389859177515
"534",3.31711701284317,39.2958773860954,31.5216747499822,0.493860870366916,-65.9480512727603,34.3956418633315,1.86198957896176,5.98317813046806,-0.661307559585901
"535",1.57118410140519,15.8927541395625,58.9847693567835,0.641713206889108,-22.5111455245286,5.46585397346105,31.1647724943176,18.1959297934924,-1.61106113939306
"536",3.89423332840064,28.2951599518192,36.4714097056654,0.154555157525465,-24.7746437240724,120.628406737073,-4.71465766336317,7.30182050494814,1.31700906391579
"537",4.10448052808909,31.3498737182143,39.3806257333947,0.189417493296787,-47.4056166654289,115.185017963335,-0.456808328731941,6.24773689493288,-0.794087066471901
"538",4.15300302043458,69.492847715347,43.4086786350813,0.119321204489097,-3.12457298299249,153.072713259038,14.4240747973979,11.1965818546986,0.479664437072622
"539",2.49804883252996,6.7680999741732,31.7054943476947,0.456348708132282,34.6446896167472,70.2356319042568,2.49649172293775,7.69339574796682,-0.0263214764759173
"540",3.81238252811022,81.2334717529576,24.5066140624648,0.391751868883148,-5.84516441475923,3.93150116789319,-0.606323187905524,4.98546967328568,-4.04346447578716
"541",3.25914605428218,79.965317062883,46.8186269224593,0.340480160433799,2.36822422527847,35.4056431677609,16.0380809862942,8.05251980292027,-1.4453372549752
"542",3.14438651544838,16.7595476209275,39.3113950349318,0.084837815258652,37.6583821969637,126.155198745823,11.2425503093149,10.8236730164378,2.74593035008415
"543",5.04220730041194,35.3620383686758,2.89799777560973,0.428222722606733,-24.4972483668448,100.910830984892,-9.32360534253094,-1.25133992345135,1.59710972554931
"544",2.73395139405957,14.2066426993255,28.9600690825435,0.854310469701886,1.33063012026533,-7.0788580158654,9.36555290013974,2.90749294749407,-0.510001884609344
"545",2.85809164868717,77.0342175024393,50.886897386439,0.565367606468499,15.5210384971992,-2.94027070952857,25.0138275063751,13.0887595015848,-1.95246644854791
"546",3.59383042854328,84.1228025614539,44.8582658645445,0.515016332734376,8.25776582310502,33.1455135974303,-5.20180101183575,7.67865120443776,2.98900868616593
"547",3.71022479921903,103.021618643933,40.3064125489949,0.731600179336965,-3.73570348715988,14.3965843376324,13.9086361379724,8.78786026668486,1.91065667779658
"548",4.57902131213849,76.9076606279401,32.8487413471473,0.164779059588909,8.74111552259513,136.591116611363,14.4625880248856,5.32568413252317,0.0808839568803574
"549",3.55585930472611,65.8688574321994,23.5072227420341,0.592193423071876,39.6796226133186,48.2692545258136,13.0505679985193,3.13003572180131,1.26090172467734
"550",3.31400220268075,57.9713243458407,44.1434983214066,0.977478404995054,31.2149806726986,42.5239818510195,26.0949234874433,8.92800930278892,0.544979240187313
"551",3.27474555532253,53.5670468013354,57.5599051020256,0.129649203503504,36.269327491959,137.952062054409,2.05632074479473,17.6161951161099,1.45412977594361
"552",4.06120291444059,25.3321926426489,43.4025377220846,0.126484075328335,1.5415494510832,202.726111789706,11.5993978449038,8.0419421764913,1.68287616715537
"553",5.09028556723234,60.4313626999723,37.3843606706292,0.0290287376847118,-32.6525445783103,222.948636159753,-8.76299104465458,6.67631062489147,2.41846612863945
"554",3.01713601609177,48.4306307554749,44.969179401088,0.960503122303635,-42.9592587707841,-2.39265284612451,25.4398352143002,11.1358787385124,-1.56917132546797
"555",2.14669231105806,4.71010546959746,36.8023921840703,0.385724733583629,8.12620859881657,52.8428317967329,3.52554612080348,8.53285300212078,0.245193104975446
"556",2.97197332086489,33.9389288549029,47.6888195838875,0.635873252991587,-32.6680933424255,59.1205271420233,20.0009520645545,11.9010403947002,-2.44860337239828
"557",2.4414189124186,79.2696621283962,57.8123871313224,0.785293323919177,-23.2595044230776,-22.9306569785795,21.3938744978951,17.9779138513488,1.58764994404225
"558",4.39765063515406,102.418995329883,28.9194069889599,0.426264346344396,18.7172304086933,52.9295352213387,13.9773146586184,3.42394665533422,1.44483116812985
"559",3.33003733174566,-0.686012121360323,18.9980883635534,0.453091560397297,2.27839225593189,65.9365015973104,7.05351133022365,4.08977205674748,1.8361557436351
"560",2.63557245432386,-2.22172773923216,42.6895994755673,0.479398667579517,-70.0121825114012,44.6483606258728,22.3153269883644,11.7312365189878,-0.377288277004838
"561",2.71103111954912,0.723417586639822,20.9606591928056,0.714493526611477,7.81811209302288,-19.5980905227701,-7.76544394807125,5.29934760102752,0.557352445699912
"562",2.24308056511145,41.3788666784671,59.2888557143647,0.807016825070605,72.7772907454464,19.2364455117279,14.9294350122387,18.6036255199714,1.31452657505103
"563",3.06037968096134,76.0634369919241,58.5058704191798,0.980101806111634,1.342401953945,12.238333368279,22.9344405543339,17.1563979892828,3.59281816556193
"564",1.3590493806579,2.6797478336188,55.1826415158799,0.939041435718536,4.92867160322779,-33.3507785619259,11.9714503304207,13.1951162923997,-0.274677499048064
"565",4.59766967172794,33.1769918978232,17.9096206474086,0.153741852380335,4.24234175174692,141.893260618759,-17.1810977433402,4.13739181766522,1.05828386974085
"566",4.11002816788534,39.9688549764541,45.6648222910045,0.129020462045446,20.6076313474864,208.912458844351,10.9534166929477,10.7642838816428,5.03315492552838
"567",3.45978852883604,71.2059062706892,21.8669240583164,0.402421788778156,50.1062623938806,-2.79426662701278,-10.1988322957695,2.09133883849726,-1.01334161283984
"568",4.67048758243999,70.996052040892,33.2476974912904,0.31334488093853,-39.3386155946371,127.956520033209,18.6035381133435,9.66701796262994,0.139774460072784
"569",4.71412697561373,70.2150929083314,41.3503430228314,0.115358775947243,-24.9594337199158,147.190722608474,3.00449951835241,8.94232191656026,-0.817824672541118
"570",4.93162895492148,95.4691200207409,11.6396349354442,0.519137399736792,-14.4246421110182,33.7340405756705,15.7634681121676,0.23460930878777,-5.8079708686682
"571",3.67663792620379,20.6711301958318,12.5387317247861,0.585311566246673,-22.5001659697874,26.7218947489934,-5.04341139292289,-0.134322790628802,2.2856224353847
"572",3.52301593323678,74.6086197394976,32.4239518149468,0.536430690437555,6.42754072520012,20.5764482318274,8.30705041198055,10.4038103552131,0.300950021698637
"573",3.29437098340586,-2.09809204093716,38.802298414773,0.126626320648938,-42.5323864038724,140.556348421803,-0.401152486985112,6.5333010495683,-2.95703106748347
"574",2.45368329004255,62.6210507916778,38.3413088112458,0.615426113363355,33.2966635972942,-19.657076944474,12.9528074111793,8.30128870579158,-3.53513558513947
"575",5.55336188514155,81.4856490653993,28.9633501594189,0.024665163597092,-18.3689779105711,185.150576346644,12.2463684671186,4.8849825435222,-4.25619939283479
"576",1.64502350743298,13.8922758484691,64.7585876683703,0.483819604851305,10.5947697331562,57.4254334235929,24.3732653038144,20.3920443945428,-4.29588230169991
"577",1.78001696547853,31.7388335961514,52.1370710333858,0.781631879974157,33.5838210734441,0.467864155712502,22.9645202538536,13.1859870801185,0.378450898896463
"578",3.36817949691605,53.3707227671071,18.0745774747027,0.842741718981415,26.7210098249284,-18.4163706566637,4.13520818065712,4.77168851608348,4.32459361419897
"579",3.62165423601415,7.70276559062723,60.2725855256728,0.0521418859716505,0.274102371444304,221.46956461182,20.6510840041516,20.9256733330348,-1.32049644522405
"580",3.37984187416369,50.7250383074197,24.5672592589403,0.499393388163298,-13.2604822190595,18.9165290778232,0.22174720942821,4.06342165759405,1.22522067582729
"581",2.69528020276473,33.4947783060133,43.6740271355261,0.935948355356231,11.7926978633807,14.2620829270533,17.0026568463213,13.6932794825046,-0.508714829775284
"582",2.50869317897644,46.4943155379839,50.7814438602128,0.337623417144641,1.75873892708799,41.8641879911565,33.7529600151387,14.4275295604454,-2.65976075574829
"583",2.26153183171239,13.9086325791693,45.8202619134152,0.394542387453839,-21.123838098692,73.0581929829454,9.64772841760847,11.875774372778,-1.84007797526029
"584",3.07506441489771,17.9512055083001,29.5905835068463,0.441597941564396,-61.0003145434178,0.679199926392504,-0.202837859133109,7.22716144049508,0.76934758345637
"585",2.15306592407215,34.1965467892441,38.2614348685366,0.765004657674581,45.4814222560558,-3.46885624057813,5.64878633796061,6.78155145566245,-0.580826438319189
"586",3.62748293969328,72.5138826871968,29.6817029347695,0.896147908410057,-16.4095796877003,28.1471325107794,12.1574994663567,6.05478224376944,-3.92530425179179
"587",2.33579409872548,8.28248605769497,39.4185235204841,0.812906173523515,-22.942270070929,-3.58295162681918,23.3491028786139,12.0679251021572,0.336441417353702
"588",3.92372256842409,55.7265017104478,55.4580967940015,0.123018494807184,1.93652552538152,151.164810094517,11.5554307551128,15.8385392026462,1.11524955805063
"589",3.30960438787015,42.5417152412099,28.0093110930925,0.381990307709202,28.5422502908861,73.3845724932659,6.18780392147886,6.36667030642676,0.103505502381995
"590",2.6819360085489,20.0107551055547,49.9810631947628,0.985149083659053,-11.0866575844935,49.9068803097541,38.8273137713777,10.0251146337021,-2.1818705987262
"591",3.39840670384535,43.1169494123836,62.2730893869258,0.0380065862555057,47.7971715256,178.215877851353,-2.42199428426422,19.6254097870075,-0.280470533891348
"592",1.94509296048816,31.4593577742568,53.4761269602423,0.816234916215762,-17.1069369485128,-21.9624808548159,17.8711497957609,14.2427037367226,-2.62581079298532
"593",4.93920699732326,84.880598457324,40.7448257644235,0.163851853460073,-21.2530924530253,132.489630402118,27.4220254155809,10.5353537513593,-0.464183029565916
"594",4.64806135400839,88.6736415760046,30.8074967183787,0.404471082380041,-27.2585605439081,61.163137123305,22.4391765663437,6.08211585562316,0.632451937968655
"595",4.28207506455265,30.8860792613211,43.9067852863415,0.0599682519678026,10.2399262974404,213.111696046014,20.5235188722776,10.569331331199,-0.382839066919486
"596",2.86027220878361,38.0640827562176,29.6075824157921,0.830048001604155,-8.70690071570523,22.6680586992167,-4.19965852631718,7.33426773349348,-2.30702225664345
"597",4.65931552726107,95.6919116605832,25.9912565314583,0.854671054752544,-24.0016368782282,32.7810175604795,16.4988460525321,2.82992729593093,-2.00500262914082
"598",3.19916625086923,74.6502407107227,40.1866390188877,0.681552294641733,-6.81209234740736,-5.99541178905119,23.0349154199681,8.70480965829674,-1.7164698686844
"599",2.88777044239217,57.1631357341952,49.1799442991495,0.691843180218711,-0.725208533304475,27.3573387938778,21.7025766877044,14.5985743337662,0.656366913487871
"600",4.74067588010868,84.4340190683661,45.0513622884516,0.149711341364309,-7.91640141526417,187.475297740959,28.2025883344892,7.02373580427216,2.71566438207432
